"code","name_it","name_en","parent_code","level","classification_system"
"01.11","Coltivazione di cereali, legumi da granella e semi oleosi, escluso il riso","Growing of cereals, other than rice, leguminous crops and oil seeds","01.1","4","NACE"
"01.12","Coltivazione di riso","Growing of rice","01.1","4","NACE"
"01.13","Coltivazione di ortaggi e meloni, radici e tuberi","Growing of vegetables and melons, roots and tubers","01.1","4","NACE"
"01.14","Coltivazione di canna da zucchero","Growing of sugar cane","01.1","4","NACE"
"01.15","Coltivazione di tabacco","Growing of tobacco","01.1","4","NACE"
"01.16","Coltivazione di piante tessili","Growing of fibre crops","01.1","4","NACE"
"01.19","Coltivazione di altre colture agricole non permanenti","Growing of other non-perennial crops","01.1","4","NACE"
"01.21","Coltivazione di uva","Growing of grapes","01.2","4","NACE"
"01.22","Coltivazione di frutta di origine tropicale e subtropicale","Growing of tropical and subtropical fruits","01.2","4","NACE"
"01.23","Coltivazione di agrumi","Growing of citrus fruits","01.2","4","NACE"
"01.24","Coltivazione di pomacee e frutta a nocciolo","Growing of pome fruits and stone fruits","01.2","4","NACE"
"01.25","Coltivazione di altri alberi da frutto, frutti di bosco e frutta in guscio","Growing of other tree and bush fruits and nuts","01.2","4","NACE"
"01.26","Coltivazione di frutti oleosi","Growing of oleaginous fruits","01.2","4","NACE"
"01.27","Coltivazione di piante per la produzione di bevande","Growing of beverage crops","01.2","4","NACE"
"01.28","Coltivazione di spezie, piante aromatiche e farmaceutiche","Growing of spices, aromatic, drug and pharmaceutical crops","01.2","4","NACE"
"01.29","Coltivazione di altre colture agricole permanenti","Growing of other perennial crops","01.2","4","NACE"
"01.30","Riproduzione delle piante","Plant propagation","01.3","4","NACE"
"01.41","Allevamento di bovini da latte","Raising of dairy cattle","01.4","4","NACE"
"01.42","Allevamento di altri bovini e bufalini","Raising of other cattle and buffaloes","01.4","4","NACE"
"01.43","Allevamento di cavalli e altri equini","Raising of horses and other equines","01.4","4","NACE"
"01.44","Allevamento di cammelli e camelidi","Raising of camels and camelids","01.4","4","NACE"
"01.45","Allevamento di ovini e caprini","Raising of sheep and goats","01.4","4","NACE"
"01.46","Allevamento di suini","Raising of swine and pigs","01.4","4","NACE"
"01.47","Allevamento di pollame","Raising of poultry","01.4","4","NACE"
"01.48","Allevamento di altri animali","Raising of other animals","01.4","4","NACE"
"01.50","Coltivazioni agricole associate all'allevamento di animali: attività mista","Mixed farming","01.5","4","NACE"
"01.61","Attività di supporto alla produzione vegetale","Support activities for crop production","01.6","4","NACE"
"01.62","Attività di supporto alla produzione animale","Support activities for animal production","01.6","4","NACE"
"01.63","Attività successive alla raccolta e lavorazione delle sementi per la semina","Post-harvest crop activities and seed processing for propagation","01.6","4","NACE"
"01.70","Caccia, cattura di animali e servizi connessi","Hunting, trapping and related service activities","01.7","4","NACE"
"02.10","Silvicoltura e altre attività forestali","Silviculture and other forestry activities","02.1","4","NACE"
"02.20","Utilizzo di aree forestali","Logging","02.2","4","NACE"
"02.30","Raccolta di prodotti selvatici non legnosi","Gathering of wild growing non-wood products","02.3","4","NACE"
"02.40","Servizi di supporto per la silvicoltura","Support services to forestry","02.4","4","NACE"
"03.11","Pesca marina","Marine fishing","03.1","4","NACE"
"03.12","Pesca in acque dolci","Freshwater fishing","03.1","4","NACE"
"03.21","Acquacoltura marina","Marine aquaculture","03.2","4","NACE"
"03.22","Acquacoltura in acque dolci","Freshwater aquaculture","03.2","4","NACE"
"03.30","Attività di supporto alla pesca e all'acquacoltura","Support activities for fishing and aquaculture","03.3","4","NACE"
"05.10","Estrazione di antracite","Mining of hard coal","05.1","4","NACE"
"05.20","Estrazione di lignite","Mining of lignite","05.2","4","NACE"
"06.10","Estrazione di petrolio greggio","Extraction of crude petroleum","06.1","4","NACE"
"06.20","Estrazione di gas naturale","Extraction of natural gas","06.2","4","NACE"
"07.10","Estrazione di minerali metalliferi ferrosi","Mining of iron ores","07.1","4","NACE"
"07.21","Estrazione di minerali di uranio e torio","Mining of uranium and thorium ores","07.2","4","NACE"
"07.29","Estrazione di altri minerali metalliferi non ferrosi","Mining of other non-ferrous metal ores","07.2","4","NACE"
"08.11","Estrazione di pietre ornamentali, calcare, pietra di gesso, ardesia e altre pietre","Quarrying of ornamental stone, limestone, gypsum, slate and other stone","08.1","4","NACE"
"08.12","Estrazione di ghiaia, sabbia, argilla e caolino","Operation of gravel and sand pits and mining of clay and kaolin","08.1","4","NACE"
"08.91","Estrazione di minerali per l'industria chimica e per la produzione di fertilizzanti","Mining of chemical and fertiliser minerals","08.9","4","NACE"
"08.92","Estrazione di torba","Extraction of peat","08.9","4","NACE"
"08.93","Estrazione di sale","Extraction of salt","08.9","4","NACE"
"08.99","Altre attività estrattive n.c.a.","Other mining and quarrying n.e.c.","08.9","4","NACE"
"09.10","Attività di supporto all'estrazione di petrolio e gas naturale","Support activities for petroleum and natural gas extraction","09.1","4","NACE"
"09.90","Attività di supporto ad altre attività estrattive","Support activities for other mining and quarrying","09.9","4","NACE"
"10.11","Lavorazione e conservazione di carne, esclusa la carne di volatili","Processing and preserving of meat, except of poultry meat","10.1","4","NACE"
"10.12","Lavorazione e conservazione di carne di volatili","Processing and preserving of poultry meat","10.1","4","NACE"
"10.13","Produzione di prodotti a base di carne, inclusi prodotti a base di carne di volatili","Production of meat and poultry meat products","10.1","4","NACE"
"10.20","Lavorazione e conservazione di pesce, crostacei e molluschi","Processing and preserving of fish, crustaceans and molluscs","10.2","4","NACE"
"10.31","Lavorazione e conservazione di patate","Processing and preserving of potatoes","10.3","4","NACE"
"10.32","Produzione di succhi a base di frutta e ortaggi","Manufacture of fruit and vegetable juice","10.3","4","NACE"
"10.39","Altre attività di lavorazione e conservazione di frutta e ortaggi","Other processing and preserving of fruit and vegetables","10.3","4","NACE"
"10.41","Produzione di oli e grassi","Manufacture of oils and fats","10.4","4","NACE"
"10.42","Produzione di margarina e di grassi alimentari simili","Manufacture of margarine and similar edible fats","10.4","4","NACE"
"10.51","Produzione di prodotti lattiero-caseari","Manufacture of dairy products","10.5","4","NACE"
"10.52","Produzione di gelati","Manufacture of ice cream and other edible ice","10.5","4","NACE"
"10.61","Lavorazione di granaglie","Manufacture of grain mill products","10.6","4","NACE"
"10.62","Produzione di amidi e di prodotti amidacei","Manufacture of starches and starch products","10.6","4","NACE"
"10.71","Produzione di pane; produzione di prodotti di pasticceria freschi","Manufacture of bread; manufacture of fresh pastry goods and cakes","10.7","4","NACE"
"10.72","Produzione di fette biscottate, biscotti, prodotti di pasticceria conservati","Manufacture of rusks, biscuits, preserved pastries and cakes","10.7","4","NACE"
"10.73","Produzione di prodotti farinacei","Manufacture of farinaceous products","10.7","4","NACE"
"10.81","Produzione di zucchero","Manufacture of sugar","10.8","4","NACE"
"10.82","Produzione di cacao, cioccolato, caramelle e confetterie","Manufacture of cocoa, chocolate and sugar confectionery","10.8","4","NACE"
"10.83","Lavorazione di tè e caffè","Processing of tea and coffee","10.8","4","NACE"
"10.84","Produzione di condimenti e spezie","Manufacture of condiments and seasonings","10.8","4","NACE"
"10.85","Produzione di pasti e piatti preparati","Manufacture of prepared meals and dishes","10.8","4","NACE"
"10.86","Produzione di preparati omogeneizzati e di alimenti dietetici","Manufacture of homogenised food preparations and dietetic food","10.8","4","NACE"
"10.89","Produzione di altri prodotti alimentari n.c.a.","Manufacture of other food products n.e.c.","10.8","4","NACE"
"10.91","Produzione di mangimi per l'alimentazione degli animali da allevamento","Manufacture of prepared feeds for farm animals","10.9","4","NACE"
"10.92","Produzione di prodotti per l'alimentazione degli animali da compagnia","Manufacture of prepared pet foods","10.9","4","NACE"
"11.01","Distillazione, rettifica e miscelatura di alcolici","Distilling, rectifying and blending of spirits","11.0","4","NACE"
"11.02","Produzione di vini da uve","Manufacture of wine from grape","11.0","4","NACE"
"11.03","Produzione di sidro e di altre bevande fermentate a base di frutta","Manufacture of cider and other fermented fruit beverages","11.0","4","NACE"
"11.04","Produzione di altre bevande fermentate non distillate","Manufacture of other non-distilled fermented beverages","11.0","4","NACE"
"11.05","Produzione di birra","Manufacture of beer","11.0","4","NACE"
"11.06","Produzione di malto","Manufacture of malt","11.0","4","NACE"
"11.07","Produzione di bibite analcoliche e di acque in bottiglia","Manufacture of soft drinks and bottled waters","11.0","4","NACE"
"12.00","Produzione di prodotti del tabacco","Manufacture of tobacco products","12.0","4","NACE"
"13.10","Preparazione e filatura di fibre tessili","Preparation and spinning of textile fibres","13.1","4","NACE"
"13.20","Tessitura","Weaving of textiles","13.2","4","NACE"
"13.30","Finissaggio dei tessili","Finishing of textiles","13.3","4","NACE"
"13.91","Fabbricazione di tessuti a maglia e all'uncinetto","Manufacture of knitted and crocheted fabrics","13.9","4","NACE"
"13.92","Fabbricazione di tessili per la casa e l'arredo","Manufacture of household textiles and made-up furnishing articles","13.9","4","NACE"
"13.93","Fabbricazione di tappeti e moquette","Manufacture of carpets and rugs","13.9","4","NACE"
"13.94","Fabbricazione di spago, corde, funi e reti","Manufacture of cordage, rope, twine and netting","13.9","4","NACE"
"13.95","Fabbricazione di tessuti non-tessuti e di articoli in tessuto non-tessuto","Manufacture of non-wovens and non-woven articles","13.9","4","NACE"
"13.96","Fabbricazione di altri tessuti per uso tecnico e industriale","Manufacture of other technical and industrial textiles","13.9","4","NACE"
"13.99","Fabbricazione di altri prodotti tessili n.c.a.","Manufacture of other textiles n.e.c.","13.9","4","NACE"
"14.10","Fabbricazione di articoli a maglia e all'uncinetto","Manufacture of knitted and crocheted apparel","14.1","4","NACE"
"14.21","Fabbricazione di abbigliamento esterno","Manufacture of outerwear","14.2","4","NACE"
"14.22","Fabbricazione di biancheria intima","Manufacture of underwear","14.2","4","NACE"
"14.23","Fabbricazione di indumenti da lavoro","Manufacture of workwear","14.2","4","NACE"
"14.24","Fabbricazione di abbigliamento in pelle e in pelliccia","Manufacture of leather clothes and fur apparel","14.2","4","NACE"
"14.29","Fabbricazione di altri articoli di abbigliamento e accessori n.c.a.","Manufacture of other wearing apparel and accessories n.e.c.","14.2","4","NACE"
"15.11","Concia, tintura e rifinizione di pelli, cuoi e pellicce","Tanning, dressing, dyeing of leather and fur","15.1","4","NACE"
"15.12","Fabbricazione di articoli da viaggio, borse, pelletteria e selleria di qualsiasi materiale","Manufacture of luggage, handbags, saddlery and harness of any material","15.1","4","NACE"
"15.20","Fabbricazione di calzature","Manufacture of footwear","15.2","4","NACE"
"16.11","Taglio e piallatura del legno","Sawmilling and planing of wood","16.1","4","NACE"
"16.12","Lavorazione e finitura del legno","Processing and finishing of wood","16.1","4","NACE"
"16.21","Fabbricazione di fogli da impiallacciatura e di pannelli a base di legno","Manufacture of veneer sheets and wood-based panels","16.2","4","NACE"
"16.22","Fabbricazione di pavimenti di legno con elementi pre-assemblati","Manufacture of assembled parquet floors","16.2","4","NACE"
"16.23","Fabbricazione di altri prodotti di carpenteria in legno e falegnameria per l'edilizia","Manufacture of other builders' carpentry and joinery","16.2","4","NACE"
"16.24","Fabbricazione di imballaggi in legno","Manufacture of wooden containers","16.2","4","NACE"
"16.25","Fabbricazione di porte e finestre in legno","Manufacture of doors and windows of wood","16.2","4","NACE"
"16.26","Produzione di combustibili solidi da biomassa vegetale","Manufacture of solid fuels from vegetable biomass","16.2","4","NACE"
"16.27","Finitura di prodotti in legno","Finishing of wooden products","16.2","4","NACE"
"16.28","Fabbricazione di altri prodotti in legno e articoli in sughero, paglia e materiali da intreccio","Manufacture of other products of wood and articles of cork, straw and plaiting materials","16.2","4","NACE"
"17.11","Fabbricazione di pasta-carta","Manufacture of pulp","17.1","4","NACE"
"17.12","Fabbricazione di carta e cartone","Manufacture of paper and paperboard","17.1","4","NACE"
"17.21","Fabbricazione di carta, cartone ondulato e di imballaggi di carta e cartone","Manufacture of corrugated paper, paperboard and containers of paper and paperboard","17.2","4","NACE"
"17.22","Fabbricazione di prodotti igienico-sanitari e per uso domestico in carta e ovatta di cellulosa","Manufacture of household and sanitary goods and of toilet requisites","17.2","4","NACE"
"17.23","Fabbricazione di prodotti cartotecnici","Manufacture of paper stationery","17.2","4","NACE"
"17.24","Fabbricazione di carta da parati","Manufacture of wallpaper","17.2","4","NACE"
"17.25","Fabbricazione di altri articoli di carta e cartone","Manufacture of other articles of paper and paperboard","17.2","4","NACE"
"18.11","Stampa di giornali","Printing of newspapers","18.1","4","NACE"
"18.12","Altra stampa","Other printing","18.1","4","NACE"
"18.13","Lavorazioni preliminari alla stampa e ai media","Pre-press and pre-media services","18.1","4","NACE"
"18.14","Legatoria e servizi connessi","Binding and related services","18.1","4","NACE"
"18.20","Riproduzione di supporti registrati","Reproduction of recorded media","18.2","4","NACE"
"19.10","Fabbricazione di prodotti di cokeria","Manufacture of coke oven products","19.1","4","NACE"
"19.20","Fabbricazione di prodotti derivanti dalla raffinazione del petrolio e prodotti da combustibili fossili","Manufacture of refined petroleum products and fossil fuel products","19.2","4","NACE"
"20.11","Fabbricazione di gas industriali","Manufacture of industrial gases","20.1","4","NACE"
"20.12","Fabbricazione di coloranti e pigmenti","Manufacture of dyes and pigments","20.1","4","NACE"
"20.13","Fabbricazione di altri prodotti chimici di base inorganici","Manufacture of other inorganic basic chemicals","20.1","4","NACE"
"20.14","Fabbricazione di altri prodotti chimici di base organici","Manufacture of other organic basic chemicals","20.1","4","NACE"
"20.15","Fabbricazione di fertilizzanti e composti azotati","Manufacture of fertilisers and nitrogen compounds","20.1","4","NACE"
"20.16","Fabbricazione di materie plastiche in forme primarie","Manufacture of plastics in primary forms","20.1","4","NACE"
"20.17","Fabbricazione di gomma sintetica in forme primarie","Manufacture of synthetic rubber in primary forms","20.1","4","NACE"
"20.20","Fabbricazione di fitofarmaci, disinfettanti e altri prodotti chimici per l'agricoltura","Manufacture of pesticides, disinfectants and other agrochemical products","20.2","4","NACE"
"20.30","Fabbricazione di pitture, vernici e smalti, inchiostri da stampa e adesivi sintetici","Manufacture of paints, varnishes and similar coatings, printing ink and mastics","20.3","4","NACE"
"20.41","Fabbricazione di saponi e detergenti, di prodotti per la pulizia e la lucidatura","Manufacture of soap and detergents, cleaning and polishing preparations","20.4","4","NACE"
"20.42","Fabbricazione di profumi e cosmetici","Manufacture of perfume and toilet preparations","20.4","4","NACE"
"20.51","Produzione di biocarburanti liquidi","Manufacture of liquid biofuels","20.5","4","NACE"
"20.59","Fabbricazione di altri prodotti chimici n.c.a.","Manufacture of other chemical products n.e.c.","20.5","4","NACE"
"20.60","Fabbricazione di fibre sintetiche e artificiali","Manufacture of man-made fibres","20.6","4","NACE"
"21.10","Fabbricazione di prodotti farmaceutici di base","Manufacture of basic pharmaceutical products","21.1","4","NACE"
"21.20","Fabbricazione di medicinali e preparati farmaceutici","Manufacture of pharmaceutical preparations","21.2","4","NACE"
"22.11","Fabbricazione, rigenerazione e ricostruzione di pneumatici e fabbricazione di camere d'aria","Manufacture, retreading and rebuilding of rubber tyres and manufacture of tubes","22.1","4","NACE"
"22.12","Fabbricazione di altri prodotti in gomma","Manufacture of other rubber products","22.1","4","NACE"
"22.21","Fabbricazione di lastre, fogli, tubi e profilati in materie plastiche","Manufacture of plastic plates, sheets, tubes and profiles","22.2","4","NACE"
"22.22","Fabbricazione di imballaggi in materie plastiche","Manufacture of plastic packing goods","22.2","4","NACE"
"22.23","Fabbricazione di porte e finestre in materie plastiche","Manufacture of doors and windows of plastic","22.2","4","NACE"
"22.24","Fabbricazione di articoli in materie plastiche per l'edilizia","Manufacture of builders' ware of plastic","22.2","4","NACE"
"22.25","Lavorazione e finitura di prodotti in materie plastiche","Processing and finishing of plastic products","22.2","4","NACE"
"22.26","Fabbricazione di altri prodotti in materie plastiche","Manufacture of other plastic products","22.2","4","NACE"
"23.11","Fabbricazione di vetro piano","Manufacture of flat glass","23.1","4","NACE"
"23.12","Lavorazione e trasformazione del vetro piano","Shaping and processing of flat glass","23.1","4","NACE"
"23.13","Fabbricazione di vetro cavo","Manufacture of hollow glass","23.1","4","NACE"
"23.14","Fabbricazione di fibre di vetro","Manufacture of glass fibres","23.1","4","NACE"
"23.15","Fabbricazione e lavorazione di altro vetro incluso il vetro per usi tecnici","Manufacture and processing of other glass, including technical glassware","23.1","4","NACE"
"23.20","Fabbricazione di prodotti refrattari","Manufacture of refractory products","23.2","4","NACE"
"23.31","Fabbricazione di piastrelle in ceramica per pavimenti e rivestimenti","Manufacture of ceramic tiles and flags","23.3","4","NACE"
"23.32","Fabbricazione di mattoni, tegole e altri prodotti per l'edilizia in terracotta","Manufacture of bricks, tiles and construction products, in baked clay","23.3","4","NACE"
"23.41","Fabbricazione di prodotti in ceramica per usi domestici e ornamentali","Manufacture of ceramic household and ornamental articles","23.4","4","NACE"
"23.42","Fabbricazione di articoli sanitari in ceramica","Manufacture of ceramic sanitary fixtures","23.4","4","NACE"
"23.43","Fabbricazione di isolatori e di pezzi isolanti in ceramica","Manufacture of ceramic insulators and insulating fittings","23.4","4","NACE"
"23.44","Fabbricazione di altri prodotti in ceramica per uso tecnico e industriale","Manufacture of other technical ceramic products","23.4","4","NACE"
"23.45","Fabbricazione di altri prodotti in ceramica","Manufacture of other ceramic products","23.4","4","NACE"
"23.51","Produzione di cemento","Manufacture of cement","23.5","4","NACE"
"23.52","Produzione di calce e gesso","Manufacture of lime and plaster","23.5","4","NACE"
"23.61","Fabbricazione di prodotti in calcestruzzo per l'edilizia","Manufacture of concrete products for construction purposes","23.6","4","NACE"
"23.62","Fabbricazione di prodotti in gesso per l'edilizia","Manufacture of plaster products for construction purposes","23.6","4","NACE"
"23.63","Produzione di calcestruzzo pronto per l'uso","Manufacture of ready-mixed concrete","23.6","4","NACE"
"23.64","Produzione di malta","Manufacture of mortars","23.6","4","NACE"
"23.65","Fabbricazione di prodotti in fibrocemento","Manufacture of fibre cement","23.6","4","NACE"
"23.66","Fabbricazione di altri prodotti in calcestruzzo, cemento e gesso","Manufacture of other articles of concrete, cement and plaster","23.6","4","NACE"
"23.70","Taglio, modellatura e finitura di pietre","Cutting, shaping and finishing of stone","23.7","4","NACE"
"23.91","Fabbricazione di prodotti abrasivi","Manufacture of abrasive products","23.9","4","NACE"
"23.99","Fabbricazione di altri prodotti in minerali non metalliferi n.c.a.","Manufacture of other non-metallic mineral products n.e.c.","23.9","4","NACE"
"24.10","Fabbricazione di ferro, acciaio e ferroleghe","Manufacture of basic iron and steel and of ferro-alloys","24.1","4","NACE"
"24.20","Fabbricazione di tubi, condotti, profilati cavi e relativi raccordi in acciaio","Manufacture of tubes, pipes, hollow profiles and related fittings, of steel","24.2","4","NACE"
"24.31","Trafilatura a freddo di barre","Cold drawing of bars","24.3","4","NACE"
"24.32","Laminazione a freddo di nastri","Cold rolling of narrow strip","24.3","4","NACE"
"24.33","Profilatura mediante formatura o piegatura a freddo","Cold forming or folding","24.3","4","NACE"
"24.34","Trafilatura a freddo di fili","Cold drawing of wire","24.3","4","NACE"
"24.41","Produzione di metalli preziosi","Precious metals production","24.4","4","NACE"
"24.42","Produzione di alluminio","Aluminium production","24.4","4","NACE"
"24.43","Produzione di piombo, zinco e stagno","Lead, zinc and tin production","24.4","4","NACE"
"24.44","Produzione di rame","Copper production","24.4","4","NACE"
"24.45","Produzione di altri metalli non ferrosi","Other non-ferrous metal production","24.4","4","NACE"
"24.46","Trattamento di combustibili nucleari","Processing of nuclear fuel","24.4","4","NACE"
"24.51","Fusione di getti in ghisa","Casting of iron","24.5","4","NACE"
"24.52","Fusione di getti in acciaio","Casting of steel","24.5","4","NACE"
"24.53","Fusione di getti in metalli leggeri","Casting of light metals","24.5","4","NACE"
"24.54","Fusione di getti in altri metalli non ferrosi","Casting of other non-ferrous metals","24.5","4","NACE"
"25.11","Fabbricazione di strutture metalliche e di parti di strutture metalliche","Manufacture of metal structures and parts of structures","25.1","4","NACE"
"25.12","Fabbricazione di porte e finestre in metallo","Manufacture of doors and windows of metal","25.1","4","NACE"
"25.21","Fabbricazione di radiatori, generatori di vapore e contenitori in metallo per caldaie per il riscaldamento centrale","Manufacture of central heating radiators, steam generators and boilers","25.2","4","NACE"
"25.22","Fabbricazione di altre cisterne, serbatoi e contenitori in metallo","Manufacture of other tanks, reservoirs and containers of metal","25.2","4","NACE"
"25.30","Fabbricazione di armi e munizioni","Manufacture of weapons and ammunition","25.3","4","NACE"
"25.40","Fucinatura e formatura dei metalli e metallurgia delle polveri","Forging and shaping metal and powder metallurgy","25.4","4","NACE"
"25.51","Rivestimento dei metalli","Coating of metals","25.5","4","NACE"
"25.52","Trattamento termico dei metalli","Heat treatment of metals","25.5","4","NACE"
"25.53","Lavori di meccanica generale dei metalli","Machining of metals","25.5","4","NACE"
"25.61","Fabbricazione di articoli di coltelleria e posateria","Manufacture of cutlery","25.6","4","NACE"
"25.62","Fabbricazione di serrature e cerniere","Manufacture of locks and hinges","25.6","4","NACE"
"25.63","Fabbricazione di utensileria","Manufacture of tools","25.6","4","NACE"
"25.91","Fabbricazione di bidoni in acciaio e di contenitori simili","Manufacture of steel drums and similar containers","25.9","4","NACE"
"25.92","Fabbricazione di imballaggi in metallo leggero","Manufacture of light metal packaging","25.9","4","NACE"
"25.93","Fabbricazione di prodotti fabbricati con fili metallici, catene e molle","Manufacture of wire products, chain and springs","25.9","4","NACE"
"25.94","Fabbricazione di articoli di bulloneria","Manufacture of fasteners and screw machine products","25.9","4","NACE"
"25.99","Fabbricazione di altri prodotti in metallo n.c.a.","Manufacture of other fabricated metal products n.e.c.","25.9","4","NACE"
"26.11","Fabbricazione di componenti elettronici","Manufacture of electronic components","26.1","4","NACE"
"26.12","Fabbricazione di schede elettroniche integrate","Manufacture of loaded electronic boards","26.1","4","NACE"
"26.20","Fabbricazione di computer e unità periferiche","Manufacture of computers and peripheral equipment","26.2","4","NACE"
"26.30","Fabbricazione di apparecchiature per le comunicazioni","Manufacture of communication equipment","26.3","4","NACE"
"26.40","Fabbricazione di prodotti di elettronica di consumo","Manufacture of consumer electronics","26.4","4","NACE"
"26.51","Fabbricazione di strumenti e apparecchi di misurazione, prova e navigazione","Manufacture of instruments and appliances for measuring, testing and navigation","26.5","4","NACE"
"26.52","Fabbricazione di orologi","Manufacture of watches and clocks","26.5","4","NACE"
"26.60","Fabbricazione di apparecchiature per irradiazione, elettromedicali ed elettroterapeutiche","Manufacture of irradiation, electromedical and electrotherapeutic equipment","26.6","4","NACE"
"26.70","Fabbricazione di strumenti ottici, supporti magnetici e ottici e apparecchiature fotografiche","Manufacture of optical instruments, magnetic and optical media and photographic equipment","26.7","4","NACE"
"27.11","Fabbricazione di motori, generatori e trasformatori elettrici","Manufacture of electric motors, generators and transformers","27.1","4","NACE"
"27.12","Fabbricazione di apparecchiature per la distribuzione e il controllo dell'elettricità","Manufacture of electricity distribution and control apparatus","27.1","4","NACE"
"27.20","Fabbricazione di batterie e accumulatori","Manufacture of batteries and accumulators","27.2","4","NACE"
"27.31","Fabbricazione di cavi in fibra ottica","Manufacture of fibre optic cables","27.3","4","NACE"
"27.32","Fabbricazione di altri fili e cavi elettronici ed elettrici","Manufacture of other electronic and electric wires and cables","27.3","4","NACE"
"27.33","Fabbricazione di attrezzature per cablaggio","Manufacture of wiring devices","27.3","4","NACE"
"27.40","Fabbricazione di apparecchiature per l'illuminazione","Manufacture of lighting equipment","27.4","4","NACE"
"27.51","Fabbricazione di elettrodomestici","Manufacture of electric domestic appliances","27.5","4","NACE"
"27.52","Fabbricazione di apparecchi non elettrici per uso domestico","Manufacture of non-electric domestic appliances","27.5","4","NACE"
"27.90","Fabbricazione di altre apparecchiature elettriche","Manufacture of other electrical equipment","27.9","4","NACE"
"28.11","Fabbricazione di motori e turbine, esclusi i motori per aeromobili, veicoli e motocicli","Manufacture of engines and turbines, except aircraft, vehicle and cycle engines","28.1","4","NACE"
"28.12","Fabbricazione di apparecchiature fluidodinamiche","Manufacture of fluid power equipment","28.1","4","NACE"
"28.13","Fabbricazione di altre pompe e compressori","Manufacture of other pumps and compressors","28.1","4","NACE"
"28.14","Fabbricazione di altri rubinetti e valvole","Manufacture of other taps and valves","28.1","4","NACE"
"28.15","Fabbricazione di cuscinetti, ingranaggi e organi di trasmissione","Manufacture of bearings, gears, gearing and driving elements","28.1","4","NACE"
"28.21","Fabbricazione di forni, caldaie e apparecchiature fisse per il riscaldamento domestico","Manufacture of ovens, furnaces and permanent household heating equipment","28.2","4","NACE"
"28.22","Fabbricazione di apparecchi di sollevamento e movimentazione","Manufacture of lifting and handling equipment","28.2","4","NACE"
"28.23","Fabbricazione di macchine e attrezzature per ufficio, esclusi computer e unità periferiche","Manufacture of office machinery and equipment, except computers and peripheral equipment","28.2","4","NACE"
"28.24","Fabbricazione di utensili portatili a motore","Manufacture of power-driven hand tools","28.2","4","NACE"
"28.25","Fabbricazione di apparecchiature di climatizzazione per uso non domestico","Manufacture of non-domestic air conditioning equipment","28.2","4","NACE"
"28.29","Fabbricazione di altre macchine di impiego generale n.c.a.","Manufacture of other general-purpose machinery n.e.c.","28.2","4","NACE"
"28.30","Fabbricazione di macchine per l'agricoltura e la silvicoltura","Manufacture of agricultural and forestry machinery","28.3","4","NACE"
"28.41","Fabbricazione di macchine per la deformazione dei metalli e di altre macchine utensili per la lavorazione dei metalli","Manufacture of metal forming machinery and machine tools for metal work","28.4","4","NACE"
"28.42","Fabbricazione di altre macchine utensili","Manufacture of other machine tools","28.4","4","NACE"
"28.91","Fabbricazione di macchine per la metallurgia","Manufacture of machinery for metallurgy","28.9","4","NACE"
"28.92","Fabbricazione di macchine da miniera, cava e cantiere","Manufacture of machinery for mining, quarrying and construction","28.9","4","NACE"
"28.93","Fabbricazione di macchine per l'industria alimentare, delle bevande e del tabacco","Manufacture of machinery for food, beverage and tobacco processing","28.9","4","NACE"
"28.94","Fabbricazione di macchine per l'industria tessile, dell'abbigliamento e del cuoio","Manufacture of machinery for textile, apparel and leather production","28.9","4","NACE"
"28.95","Fabbricazione di macchine per l'industria della carta e del cartone","Manufacture of machinery for paper and paperboard production","28.9","4","NACE"
"28.96","Fabbricazione di macchine per l'industria delle materie plastiche e della gomma","Manufacture of plastics and rubber machinery","28.9","4","NACE"
"28.97","Fabbricazione di macchine per la produzione additiva","Manufacture of additive manufacturing machinery","28.9","4","NACE"
"28.99","Fabbricazione di altre macchine per impieghi speciali n.c.a.","Manufacture of other special-purpose machinery n.e.c.","28.9","4","NACE"
"29.10","Fabbricazione di autoveicoli","Manufacture of motor vehicles","29.1","4","NACE"
"29.20","Fabbricazione di carrozzerie per autoveicoli; fabbricazione di rimorchi e semirimorchi","Manufacture of bodies and coachwork for motor vehicles; manufacture of trailers and semi-trailers","29.2","4","NACE"
"29.31","Fabbricazione di apparecchiature elettriche ed elettroniche per autoveicoli","Manufacture of electrical and electronic equipment for motor vehicles","29.3","4","NACE"
"29.32","Fabbricazione di altre parti e accessori per autoveicoli","Manufacture of other parts and accessories for motor vehicles","29.3","4","NACE"
"30.11","Costruzione di navi e di strutture galleggianti per scopi civili","Building of civilian ships and floating structures","30.1","4","NACE"
"30.12","Costruzione di imbarcazioni da diporto e sportive","Building of pleasure and sporting boats","30.1","4","NACE"
"30.13","Costruzione di navi e imbarcazioni per scopi militari","Building of military ships and vessels","30.1","4","NACE"
"30.20","Costruzione di locomotive e di materiale rotabile ferro-tranviario","Manufacture of railway locomotives and rolling stock","30.2","4","NACE"
"30.31","Fabbricazione di aeromobili, veicoli spaziali e relativi equipaggiamenti per scopi civili","Manufacture of civilian air and spacecraft and related machinery","30.3","4","NACE"
"30.32","Fabbricazione di aeromobili, veicoli spaziali e relativi equipaggiamenti per scopi militari","Manufacture of military air and spacecraft and related machinery","30.3","4","NACE"
"30.40","Fabbricazione di veicoli militari da combattimento","Manufacture of military fighting vehicles","30.4","4","NACE"
"30.91","Fabbricazione di motocicli","Manufacture of motorcycles","30.9","4","NACE"
"30.92","Fabbricazione di biciclette e veicoli per disabili","Manufacture of bicycles and invalid carriages","30.9","4","NACE"
"30.99","Fabbricazione di altri mezzi di trasporto n.c.a.","Manufacture of other transport equipment n.e.c.","30.9","4","NACE"
"31.00","Fabbricazione di mobili","Manufacture of furniture","31.0","4","NACE"
"32.11","Coniazione di monete","Striking of coins","32.1","4","NACE"
"32.12","Fabbricazione di gioielli e articoli simili","Manufacture of jewellery and related articles","32.1","4","NACE"
"32.13","Fabbricazione di bigiotteria e articoli simili","Manufacture of imitation jewellery and related articles","32.1","4","NACE"
"32.20","Fabbricazione di strumenti musicali","Manufacture of musical instruments","32.2","4","NACE"
"32.30","Fabbricazione di articoli sportivi","Manufacture of sports goods","32.3","4","NACE"
"32.40","Fabbricazione di giochi e giocattoli","Manufacture of games and toys","32.4","4","NACE"
"32.50","Fabbricazione di strumenti e forniture mediche e dentistiche","Manufacture of medical and dental instruments and supplies","32.5","4","NACE"
"32.91","Fabbricazione di scope e spazzole","Manufacture of brooms and brushes","32.9","4","NACE"
"32.99","Altre attività manifatturiere n.c.a.","Other manufacturing n.e.c.","32.9","4","NACE"
"33.11","Riparazione e manutenzione di prodotti in metallo","Repair and maintenance of fabricated metal products","33.1","4","NACE"
"33.12","Riparazione e manutenzione di macchinari","Repair and maintenance of machinery","33.1","4","NACE"
"33.13","Riparazione e manutenzione di apparecchiature elettroniche e ottiche","Repair and maintenance of electronic and optical equipment","33.1","4","NACE"
"33.14","Riparazione e manutenzione di apparecchiature elettriche","Repair and maintenance of electrical equipment","33.1","4","NACE"
"33.15","Riparazione e manutenzione di navi e imbarcazioni per scopi civili","Repair and maintenance of civilian ships and boats","33.1","4","NACE"
"33.16","Riparazione e manutenzione di aeromobili e veicoli spaziali per scopi civili","Repair and maintenance of civilian air and spacecraft","33.1","4","NACE"
"33.17","Riparazione e manutenzione di altri mezzi di trasporto per scopi civili","Repair and maintenance of other civilian transport equipment","33.1","4","NACE"
"33.18","Riparazione e manutenzione di veicoli da combattimento, navi, imbarcazioni, aeromobili e veicoli spaziali per scopi militari","Repair and maintenance of military fighting vehicles, ships, boats, air and spacecraft","33.1","4","NACE"
"33.19","Riparazione e manutenzione di altre apparecchiature","Repair and maintenance of other equipment","33.1","4","NACE"
"33.20","Installazione di macchine e apparecchiature industriali","Installation of industrial machinery and equipment","33.2","4","NACE"
"35.11","Produzione di energia elettrica da fonti non rinnovabili","Production of electricity from non-renewable sources","35.1","4","NACE"
"35.12","Produzione di energia elettrica da fonti rinnovabili","Production of electricity from renewable sources","35.1","4","NACE"
"35.13","Trasmissione di energia elettrica","Transmission of electricity","35.1","4","NACE"
"35.14","Distribuzione di energia elettrica","Distribution of electricity","35.1","4","NACE"
"35.15","Commercio di energia elettrica","Trade of electricity","35.1","4","NACE"
"35.16","Stoccaggio di energia elettrica","Storage of electricity","35.1","4","NACE"
"35.21","Produzione di gas","Manufacture of gas","35.2","4","NACE"
"35.22","Distribuzione di combustibili gassosi mediante condotte","Distribution of gaseous fuels through mains","35.2","4","NACE"
"35.23","Commercio di gas distribuito mediante condotte","Trade of gas through mains","35.2","4","NACE"
"35.24","Stoccaggio di gas nell'ambito dei servizi di fornitura della rete","Storage of gas as part of network supply services","35.2","4","NACE"
"35.30","Fornitura di vapore e aria condizionata","Steam and air conditioning supply","35.3","4","NACE"
"35.40","Attività di servizi di intermediazione per l'energia elettrica e il gas naturale","Activities of brokers and agents for electric power and natural gas","35.4","4","NACE"
"36.00","Raccolta, trattamento e fornitura di acqua","Water collection, treatment and supply","36.0","4","NACE"
"37.00","Gestione delle reti fognarie","Sewerage","37.0","4","NACE"
"38.11","Raccolta di rifiuti non pericolosi","Collection of non-hazardous waste","38.1","4","NACE"
"38.12","Raccolta di rifiuti pericolosi","Collection of hazardous waste","38.1","4","NACE"
"38.21","Recupero dei materiali","Materials recovery","38.2","4","NACE"
"38.22","Recupero di energia","Energy recovery","38.2","4","NACE"
"38.23","Altre attività di recupero dei rifiuti","Other waste recovery","38.2","4","NACE"
"38.31","Incenerimento senza recupero di energia","Incineration without energy recovery","38.3","4","NACE"
"38.32","Conferimento in discarica o stoccaggio permanente","Landfilling or permanent storage","38.3","4","NACE"
"38.33","Altre attività di smaltimento dei rifiuti","Other waste disposal","38.3","4","NACE"
"39.00","Attività di risanamento e altri servizi di gestione dei rifiuti","Remediation activities and other waste management service activities","39.0","4","NACE"
"41.00","Costruzione di edifici residenziali e non residenziali","Construction of residential and non-residential buildings","41.0","4","NACE"
"42.11","Costruzione di strade e autostrade","Construction of roads and motorways","42.1","4","NACE"
"42.12","Costruzione di linee ferroviarie e metropolitane","Construction of railways and underground railways","42.1","4","NACE"
"42.13","Costruzione di ponti e gallerie","Construction of bridges and tunnels","42.1","4","NACE"
"42.21","Costruzione di opere di pubblica utilità per il trasporto dei fluidi","Construction of utility projects for fluids","42.2","4","NACE"
"42.22","Costruzione di opere di pubblica utilità per l'energia elettrica e le telecomunicazioni","Construction of utility projects for electricity and telecommunications","42.2","4","NACE"
"42.91","Costruzione di opere idrauliche","Construction of water projects","42.9","4","NACE"
"42.99","Costruzione di altre opere di ingegneria civile n.c.a.","Construction of other civil engineering projects n.e.c.","42.9","4","NACE"
"43.11","Demolizione","Demolition","43.1","4","NACE"
"43.12","Preparazione del cantiere edile","Site preparation","43.1","4","NACE"
"43.13","Trivellazioni e perforazioni","Test drilling and boring","43.1","4","NACE"
"43.21","Installazione di impianti elettrici","Electrical installation","43.2","4","NACE"
"43.22","Installazione di impianti idraulici, di riscaldamento e di condizionamento dell'aria","Plumbing, heat and air-conditioning installation","43.2","4","NACE"
"43.23","Installazione di sistemi per l'isolamento","Installation of insulation","43.2","4","NACE"
"43.24","Altri lavori di installazione edili","Other construction installation","43.2","4","NACE"
"43.31","Intonacatura","Plastering","43.3","4","NACE"
"43.32","Posa in opera di infissi","Joinery installation","43.3","4","NACE"
"43.33","Rivestimento di pavimenti e di pareti","Floor and wall covering","43.3","4","NACE"
"43.34","Tinteggiatura e posa in opera di vetri","Painting and glazing","43.3","4","NACE"
"43.35","Altri lavori di completamento e finitura degli edifici","Other building completion and finishing","43.3","4","NACE"
"43.41","Realizzazione di coperture","Roofing activities","43.4","4","NACE"
"43.42","Altri lavori di costruzione specializzati nella costruzione di edifici","Other specialised construction activities in construction of buildings","43.4","4","NACE"
"43.50","Lavori di costruzione specializzati nell'ingegneria civile","Specialised construction activities in civil engineering","43.5","4","NACE"
"43.60","Attività di servizi di intermediazione per servizi di costruzione specializzati","Intermediation service activities for specialised construction services","43.6","4","NACE"
"43.91","Lavori di muratura","Masonry and bricklaying activities","43.9","4","NACE"
"43.99","Altri lavori di costruzione specializzati n.c.a.","Other specialised construction activities n.e.c.","43.9","4","NACE"
"46.11","Attività di intermediari del commercio all'ingrosso di materie prime agricole, animali vivi, materie prime tessili e semilavorati","Activities of agents involved in the wholesale of agricultural raw materials, live animals, textile raw materials and semi-finished goods","46.1","4","NACE"
"46.12","Attività di intermediari del commercio all'ingrosso di combustibili, minerali, metalli e prodotti chimici per l'industria","Activities of agents involved in the wholesale of fuels, ores, metals and industrial chemicals","46.1","4","NACE"
"46.13","Attività di intermediari del commercio all'ingrosso di legname e materiali da costruzione","Activities of agents involved in the wholesale of timber and building materials","46.1","4","NACE"
"46.14","Attività di intermediari del commercio all'ingrosso di macchine e attrezzature industriali, navi e aeromobili","Activities of agents involved in the wholesale of machinery, industrial equipment, ships and aircraft","46.1","4","NACE"
"46.15","Attività di intermediari del commercio all'ingrosso di mobili, articoli per la casa e ferramenta","Activities of agents involved in the wholesale of furniture, household goods, hardware and ironmongery","46.1","4","NACE"
"46.16","Attività di intermediari del commercio all'ingrosso di prodotti tessili, abbigliamento, pellicce, calzature e articoli in pelle","Activities of agents involved in the wholesale of textiles, clothing, fur, footwear and leather goods","46.1","4","NACE"
"46.17","Attività di intermediari del commercio all'ingrosso di prodotti alimentari, bevande e tabacchi","Activities of agents involved in the wholesale of food, beverages and tobacco","46.1","4","NACE"
"46.18","Attività di intermediari del commercio all'ingrosso di altri prodotti specifici","Activities of agents involved in the wholesale of other particular products","46.1","4","NACE"
"46.19","Attività di intermediari del commercio all'ingrosso non specializzato","Activities of agents involved in non-specialised wholesale","46.1","4","NACE"
"46.21","Commercio all'ingrosso di cereali, tabacco grezzo, sementi e alimenti per il bestiame","Wholesale of grain, unmanufactured tobacco, seeds and animal feeds","46.2","4","NACE"
"46.22","Commercio all'ingrosso di fiori e piante","Wholesale of flowers and plants","46.2","4","NACE"
"46.23","Commercio all'ingrosso di animali vivi","Wholesale of live animals","46.2","4","NACE"
"46.24","Commercio all'ingrosso di pelli e cuoio","Wholesale of hides, skins and leather","46.2","4","NACE"
"46.31","Commercio all'ingrosso di frutta e ortaggi","Wholesale of fruit and vegetables","46.3","4","NACE"
"46.32","Commercio all'ingrosso di carne, prodotti a base di carne, pesce e prodotti a base di pesce","Wholesale of meat, meat products, fish and fish products","46.3","4","NACE"
"46.33","Commercio all'ingrosso di prodotti lattiero-caseari, uova, oli e grassi alimentari","Wholesale of dairy products, eggs and edible oils and fats","46.3","4","NACE"
"46.34","Commercio all'ingrosso di bevande","Wholesale of beverages","46.3","4","NACE"
"46.35","Commercio all'ingrosso di prodotti del tabacco","Wholesale of tobacco products","46.3","4","NACE"
"46.36","Commercio all'ingrosso di zucchero, cioccolato e dolciumi","Wholesale of sugar, chocolate and sugar confectionery","46.3","4","NACE"
"46.37","Commercio all'ingrosso di caffè, tè, cacao e spezie","Wholesale of coffee, tea, cocoa and spices","46.3","4","NACE"
"46.38","Commercio all'ingrosso di altri prodotti alimentari","Wholesale of other food","46.3","4","NACE"
"46.39","Commercio all'ingrosso non specializzato di prodotti alimentari, bevande e tabacchi","Non-specialised wholesale of food, beverages and tobacco","46.3","4","NACE"
"46.41","Commercio all'ingrosso di prodotti tessili","Wholesale of textiles","46.4","4","NACE"
"46.42","Commercio all'ingrosso di abbigliamento e di calzature","Wholesale of clothing and footwear","46.4","4","NACE"
"46.43","Commercio all'ingrosso di elettrodomestici","Wholesale of electrical household appliances","46.4","4","NACE"
"46.44","Commercio all'ingrosso di articoli di porcellana, di vetro e di prodotti per la pulizia","Wholesale of china and glassware and cleaning materials","46.4","4","NACE"
"46.45","Commercio all'ingrosso di profumi e cosmetici","Wholesale of perfume and cosmetics","46.4","4","NACE"
"46.46","Commercio all'ingrosso di prodotti farmaceutici e medicali","Wholesale of pharmaceutical and medical goods","46.4","4","NACE"
"46.47","Commercio all'ingrosso di mobili, tappeti e articoli per l'illuminazione per la casa, l'ufficio e i negozi","Wholesale of household, office and shop furniture, carpets and lighting equipment","46.4","4","NACE"
"46.48","Commercio all'ingrosso di orologi e di gioielleria","Wholesale of watches and jewellery","46.4","4","NACE"
"46.49","Commercio all'ingrosso di altri beni di consumo","Wholesale of other household goods","46.4","4","NACE"
"46.50","Commercio all'ingrosso di apparecchiature informatiche e di comunicazione","Wholesale of information and communication equipment","46.5","4","NACE"
"46.61","Commercio all'ingrosso di macchinari, attrezzature e forniture agricole","Wholesale of agricultural machinery, equipment and supplies","46.6","4","NACE"
"46.62","Commercio all'ingrosso di macchine utensili","Wholesale of machine tools","46.6","4","NACE"
"46.63","Commercio all'ingrosso di macchinari per l'estrazione, l'edilizia e l'ingegneria civile","Wholesale of mining, construction and civil engineering machinery","46.6","4","NACE"
"46.64","Commercio all'ingrosso di altri macchinari e attrezzature","Wholesale of other machinery and equipment","46.6","4","NACE"
"46.71","Commercio all'ingrosso di autoveicoli","Wholesale of motor vehicles","46.7","4","NACE"
"46.72","Commercio all'ingrosso di parti e accessori di autoveicoli","Wholesale of motor vehicle parts and accessories","46.7","4","NACE"
"46.73","Commercio all'ingrosso di motocicli, parti e accessori di motocicli","Wholesale of motorcycles, motorcycle parts and accessories","46.7","4","NACE"
"46.81","Commercio all'ingrosso di combustibili solidi, liquidi, gassosi e di prodotti derivati","Wholesale of solid, liquid and gaseous fuels and related products","46.8","4","NACE"
"46.82","Commercio all'ingrosso di metalli e minerali metalliferi","Wholesale of metals and metal ores","46.8","4","NACE"
"46.83","Commercio all'ingrosso di legname, materiali da costruzione e articoli igienico-sanitari","Wholesale of wood, construction materials and sanitary equipment","46.8","4","NACE"
"46.84","Commercio all'ingrosso di ferramenta, di apparecchi e accessori per impianti idraulici e di riscaldamento","Wholesale of hardware, plumbing and heating equipment and supplies","46.8","4","NACE"
"46.85","Commercio all'ingrosso di prodotti chimici","Wholesale of chemical products","46.8","4","NACE"
"46.86","Commercio all'ingrosso di altri prodotti intermedi","Wholesale of other intermediate products","46.8","4","NACE"
"46.87","Commercio all'ingrosso di rottami e cascami","Wholesale of waste and scrap","46.8","4","NACE"
"46.89","Commercio all'ingrosso specializzato di altri prodotti n.c.a.","Other specialised wholesale n.e.c.","46.8","4","NACE"
"46.90","Commercio all'ingrosso non specializzato","Non-specialised wholesale trade","46.9","4","NACE"
"47.11","Commercio al dettaglio non specializzato con prevalenza di prodotti alimentari, bevande o tabacchi","Non-specialised retail sale of predominately food, beverages or tobacco","47.1","4","NACE"
"47.12","Commercio al dettaglio non specializzato di altri prodotti","Other non-specialised retail sale","47.1","4","NACE"
"47.21","Commercio al dettaglio di frutta e verdura","Retail sale of fruit and vegetables","47.2","4","NACE"
"47.22","Commercio al dettaglio di carne e di prodotti a base di carne","Retail sale of meat and meat products","47.2","4","NACE"
"47.23","Commercio al dettaglio di pesce, crostacei e molluschi","Retail sale of fish, crustaceans and molluscs","47.2","4","NACE"
"47.24","Commercio al dettaglio di pane, pasticceria e dolciumi","Retail sale of bread, cake and confectionery","47.2","4","NACE"
"47.25","Commercio al dettaglio di bevande","Retail sale of beverages","47.2","4","NACE"
"47.26","Commercio al dettaglio di prodotti del tabacco","Retail sale of tobacco products","47.2","4","NACE"
"47.27","Commercio al dettaglio di altri prodotti alimentari","Retail sale of other food","47.2","4","NACE"
"47.30","Commercio al dettaglio di carburanti per autotrazione","Retail sale of automotive fuel","47.3","4","NACE"
"47.40","Commercio al dettaglio di apparecchiature informatiche e di comunicazione","Retail sale of information and communication equipment","47.4","4","NACE"
"47.51","Commercio al dettaglio di prodotti tessili","Retail sale of textiles","47.5","4","NACE"
"47.52","Commercio al dettaglio di ferramenta, materiali da costruzione, vernici e vetro","Retail sale of hardware, building materials, paints and glass","47.5","4","NACE"
"47.53","Commercio al dettaglio di tappeti, moquette, rivestimenti per pareti e pavimenti","Retail sale of carpets, rugs, wall and floor coverings","47.5","4","NACE"
"47.54","Commercio al dettaglio di elettrodomestici","Retail sale of electrical household appliances","47.5","4","NACE"
"47.55","Commercio al dettaglio di mobili, di articoli per l'illuminazione, articoli per la tavola e altri articoli per la casa","Retail sale of furniture, lighting equipment, tableware and other household goods","47.5","4","NACE"
"47.61","Commercio al dettaglio di libri","Retail sale of books","47.6","4","NACE"
"47.62","Commercio al dettaglio di giornali, altre pubblicazioni periodiche e articoli di cancelleria","Retail sale of newspapers, and other periodical publications and stationery","47.6","4","NACE"
"47.63","Commercio al dettaglio di attrezzature sportive","Retail sale of sporting equipment","47.6","4","NACE"
"47.64","Commercio al dettaglio di giochi e giocattoli","Retail sale of games and toys","47.6","4","NACE"
"47.69","Commercio al dettaglio di articoli culturali e ricreativi n.c.a.","Retail sale of cultural and recreational goods n.e.c.","47.6","4","NACE"
"47.71","Commercio al dettaglio di articoli di abbigliamento","Retail sale of clothing","47.7","4","NACE"
"47.72","Commercio al dettaglio di calzature e articoli in pelle","Retail sale of footwear and leather goods","47.7","4","NACE"
"47.73","Commercio al dettaglio di prodotti farmaceutici","Retail sale of pharmaceutical products","47.7","4","NACE"
"47.74","Commercio al dettaglio di articoli medicali e ortopedici","Retail sale of medical and orthopaedic goods","47.7","4","NACE"
"47.75","Commercio al dettaglio di cosmetici e di articoli di profumeria","Retail sale of cosmetic and toilet articles","47.7","4","NACE"
"47.76","Commercio al dettaglio di fiori, piante, fertilizzanti, animali da compagnia e alimenti per animali da compagnia","Retail sale of flowers, plants, fertilisers, pets and pet food","47.7","4","NACE"
"47.77","Commercio al dettaglio di orologi e articoli di gioielleria","Retail sale of watches and jewellery","47.7","4","NACE"
"47.78","Commercio al dettaglio di altri prodotti non di seconda mano","Retail sale of other new goods","47.7","4","NACE"
"47.79","Commercio al dettaglio di articoli di seconda mano","Retail sale of second-hand goods","47.7","4","NACE"
"47.81","Commercio al dettaglio di autoveicoli","Retail sale of motor vehicles","47.8","4","NACE"
"47.82","Commercio al dettaglio di parti e accessori di autoveicoli","Retail sale of motor vehicle parts and accessories","47.8","4","NACE"
"47.83","Commercio al dettaglio di motocicli, parti e accessori di motocicli","Retail sale of motorcycles, motorcycle parts and accessories","47.8","4","NACE"
"47.91","Attività di servizi di intermediazione per il commercio al dettaglio non specializzato","Intermediation service activities for non-specialised retail sale","47.9","4","NACE"
"47.92","Attività di servizi di intermediazione per il commercio al dettaglio specializzato","Intermediation service activities for specialised retail sale","47.9","4","NACE"
"49.11","Trasporto di passeggeri su ferrovia pesante","Passenger heavy rail transport","49.1","4","NACE"
"49.12","Altri trasporti ferroviari di passeggeri","Other passenger rail transport","49.1","4","NACE"
"49.20","Trasporto ferroviario di merci","Freight rail transport","49.2","4","NACE"
"49.31","Trasporto di linea di passeggeri su strada","Scheduled passenger transport by road","49.3","4","NACE"
"49.32","Trasporto non di linea di passeggeri su strada","Non-scheduled passenger transport by road","49.3","4","NACE"
"49.33","Trasporto di passeggeri a richiesta su veicoli con conducente","On-demand passenger transport service activities by vehicle with driver","49.3","4","NACE"
"49.34","Trasporto di passeggeri mediante funivie e sciovie","Passenger transport by cableways and ski lifts","49.3","4","NACE"
"49.39","Altri trasporti terrestri di passeggeri n.c.a.","Other passenger land transport n.e.c.","49.3","4","NACE"
"49.41","Trasporto di merci su strada","Freight transport by road","49.4","4","NACE"
"49.42","Servizi di trasloco","Removal services","49.4","4","NACE"
"49.50","Trasporto mediante condotte","Transport via pipeline","49.5","4","NACE"
"50.10","Trasporto marittimo e costiero di passeggeri","Sea and coastal passenger water transport","50.1","4","NACE"
"50.20","Trasporto marittimo e costiero di merci","Sea and coastal freight water transport","50.2","4","NACE"
"50.30","Trasporto per vie d'acqua interne di passeggeri","Inland passenger water transport","50.3","4","NACE"
"50.40","Trasporto per vie d'acqua interne di merci","Inland freight water transport","50.4","4","NACE"
"51.10","Trasporto aereo di passeggeri","Passenger air transport","51.1","4","NACE"
"51.21","Trasporto aereo di merci","Freight air transport","51.2","4","NACE"
"51.22","Trasporto spaziale","Space transport","51.2","4","NACE"
"52.10","Magazzinaggio e deposito","Warehousing and storage","52.1","4","NACE"
"52.21","Servizi di supporto al trasporto terrestre","Service activities incidental to land transportation","52.2","4","NACE"
"52.22","Servizi di supporto al trasporto marittimo e per vie d'acqua interne","Service activities incidental to water transportation","52.2","4","NACE"
"52.23","Servizi di supporto al trasporto aereo","Service activities incidental to air transportation","52.2","4","NACE"
"52.24","Movimentazione merci","Cargo handling","52.2","4","NACE"
"52.25","Servizi di logistica","Logistics service activities","52.2","4","NACE"
"52.26","Altre attività di supporto ai trasporti","Other support activities for transportation","52.2","4","NACE"
"52.31","Attività di servizi di intermediazione per il trasporto di merci","Intermediation service activities for freight transportation","52.3","4","NACE"
"52.32","Attività di servizi di intermediazione per il trasporto di passeggeri","Intermediation service activities for passenger transportation","52.3","4","NACE"
"53.10","Attività postali con obbligo di servizio universale","Postal activities under universal service obligation","53.1","4","NACE"
"53.20","Altre attività postali e di corriere","Other postal and courier activities","53.2","4","NACE"
"53.30","Attività di servizi di intermediazione per attività postali e di corriere","Intermediation service activities for postal and courier activities","53.3","4","NACE"
"55.10","Servizi di alloggio di alberghi e simili","Hotels and similar accommodation","55.1","4","NACE"
"55.20","Servizi di alloggio per vacanze e altri soggiorni di breve durata","Holiday and other short-stay accommodation","55.2","4","NACE"
"55.30","Servizi di aree di campeggio e aree attrezzate per veicoli ricreazionali","Camping grounds and recreational vehicle parks","55.3","4","NACE"
"55.40","Attività di servizi di intermediazione per servizi di alloggio","Intermediation service activities for accommodation","55.4","4","NACE"
"55.90","Altri servizi di alloggio","Other accommodation","55.9","4","NACE"
"56.11","Attività di ristoranti","Restaurant activities","56.1","4","NACE"
"56.12","Attività di servizi di ristorazione mobile","Mobile food service activities","56.1","4","NACE"
"56.21","Attività di catering per eventi","Event catering activities","56.2","4","NACE"
"56.22","Attività di servizi di catering su base contrattuale e altri servizi di ristorazione","Contract catering service activities and other food service activities","56.2","4","NACE"
"56.30","Attività di somministrazione di bevande","Beverage serving activities","56.3","4","NACE"
"56.40","Attività di servizi di intermediazione per servizi di ristorazione","Intermediation service activities for food and beverage services activities","56.4","4","NACE"
"58.11","Edizione di libri","Publishing of books","58.1","4","NACE"
"58.12","Edizione di quotidiani","Publishing of newspapers","58.1","4","NACE"
"58.13","Edizione di riviste e periodici","Publishing of journals and periodicals","58.1","4","NACE"
"58.19","Altre attività editoriali, esclusa l'edizione di software","Other publishing activities, except software publishing","58.1","4","NACE"
"58.21","Edizione di videogiochi","Publishing of video games","58.2","4","NACE"
"58.29","Edizione di altri software","Other software publishing","58.2","4","NACE"
"59.11","Attività di produzione cinematografica, di video e programmi televisivi","Motion picture, video and television programme production activities","59.1","4","NACE"
"59.12","Attività di post-produzione cinematografica, di video e programmi televisivi","Motion picture, video and television programme post-production activities","59.1","4","NACE"
"59.13","Attività di distribuzione cinematografica, di video e programmi televisivi","Motion picture and video distribution activities","59.1","4","NACE"
"59.14","Attività di proiezione cinematografica","Motion picture projection activities","59.1","4","NACE"
"59.20","Attività di registrazione sonora e dell'editoria musicale","Sound recording and music publishing activities","59.2","4","NACE"
"60.10","Attività di trasmissione radiofonica e distribuzione di audio","Radio broadcasting and audio distribution activities","60.1","4","NACE"
"60.20","Attività di programmazione e trasmissione televisive e di distribuzione di video","Television programming, broadcasting and video distribution activities","60.2","4","NACE"
"60.31","Attività delle agenzie di stampa","News agency activities","60.3","4","NACE"
"60.39","Altre attività di distribuzione di contenuti","Other content distribution activities","60.3","4","NACE"
"61.10","Attività di telecomunicazioni fisse, mobili e satellitari","Wired, wireless, and satellite telecommunication activities","61.1","4","NACE"
"61.20","Attività di rivendita di telecomunicazioni e attività di servizi di intermediazione per telecomunicazioni","Telecommunication reselling activities and intermediation service activities for telecommunication","61.2","4","NACE"
"61.90","Altre attività di telecomunicazioni","Other telecommunication activities","61.9","4","NACE"
"62.10","Attività di programmazione informatica","Computer programming activities","62.1","4","NACE"
"62.20","Attività di consulenza informatica e di gestione di strutture informatiche","Computer consultancy and computer facilities management activities","62.2","4","NACE"
"62.90","Altre attività dei servizi connessi alle tecnologie dell'informazione e dell'informatica","Other information technology and computer service activities","62.9","4","NACE"
"63.10","Infrastrutture informatiche, elaborazione dati, hosting e attività connesse","Computing infrastructure, data processing, hosting and related activities","63.1","4","NACE"
"63.91","Attività dei portali di ricerca sul web","Web search portal activities","63.9","4","NACE"
"63.92","Altre attività dei servizi di informazione","Other information service activities","63.9","4","NACE"
"64.11","Attività delle banche centrali","Central banking","64.1","4","NACE"
"64.19","Altre intermediazioni monetarie","Other monetary intermediation","64.1","4","NACE"
"64.21","Attività delle società di partecipazione (holding)","Activities of holding companies","64.2","4","NACE"
"64.22","Attività dei conduit di finanziamento","Activities of financing conduits","64.2","4","NACE"
"64.31","Attività dei fondi di investimento del mercato monetario e del mercato non monetario","Activities of money market and non-money market investments funds","64.3","4","NACE"
"64.32","Attività di conti fiduciari, per la gestione dell'eredità e di agenzia","Activities of trust, estate and agency accounts","64.3","4","NACE"
"64.91","Leasing finanziario","Financial leasing","64.9","4","NACE"
"64.92","Altre attività creditizie","Other credit granting","64.9","4","NACE"
"64.99","Altre attività di servizi finanziari, ad esclusione di assicurazioni e fondi pensione n.c.a.","Other financial service activities, except insurance and pension funding n.e.c.","64.9","4","NACE"
"65.11","Assicurazioni sulla vita","Life insurance","65.1","4","NACE"
"65.12","Assicurazioni diverse da quelle sulla vita","Non-life insurance","65.1","4","NACE"
"65.20","Riassicurazioni","Reinsurance","65.2","4","NACE"
"65.30","Fondi pensione","Pension funding","65.3","4","NACE"
"66.11","Amministrazione di mercati finanziari","Administration of financial markets","66.1","4","NACE"
"66.12","Attività di negoziazione di contratti relativi a titoli e merci","Security and commodity contracts brokerage","66.1","4","NACE"
"66.19","Altre attività ausiliarie dei servizi finanziari, escluse le assicurazioni e i fondi pensione","Other activities auxiliary to financial services, except insurance and pension funding","66.1","4","NACE"
"66.21","Valutazione dei rischi e dei danni","Risk and damage evaluation","66.2","4","NACE"
"66.22","Attività di agenti e intermediari delle assicurazioni","Activities of insurance agents and brokers","66.2","4","NACE"
"66.29","Attività ausiliarie delle assicurazioni e dei fondi pensione n.c.a.","Activities auxiliary to insurance and pension funding n.e.c.","66.2","4","NACE"
"66.30","Attività di gestione di fondi","Fund management activities","66.3","4","NACE"
"68.11","Compravendita di beni immobili effettuata su beni propri","Buying and selling of own real estate","68.1","4","NACE"
"68.12","Sviluppo di progetti immobiliari","Development of building projects","68.1","4","NACE"
"68.20","Affitto e gestione di beni immobili propri o in locazione","Rental and operating of own or leased real estate","68.2","4","NACE"
"68.31","Attività di servizi di intermediazione per attività immobiliari","Intermediation service activities for real estate activities","68.3","4","NACE"
"68.32","Altre attività immobiliari per conto terzi","Other real estate activities on a fee or contract basis","68.3","4","NACE"
"69.10","Attività legali, giuridiche e notarili","Legal activities","69.1","4","NACE"
"69.20","Attività di contabilità, controllo e revisione contabile; consulenza fiscale","Accounting, bookkeeping and auditing activities; tax consultancy","69.2","4","NACE"
"70.10","Attività di sedi centrali","Activities of head offices","70.1","4","NACE"
"70.20","Consulenza imprenditoriale e altre attività di consulenza gestionale","Business and other management consultancy activities","70.2","4","NACE"
"71.11","Attività di architettura","Architectural activities","71.1","4","NACE"
"71.12","Attività di ingegneria e altre consulenze tecniche connesse","Engineering activities and related technical consultancy","71.1","4","NACE"
"71.20","Collaudi e analisi tecniche","Technical testing and analysis","71.2","4","NACE"
"72.10","Ricerca e sviluppo sperimentale nel campo delle scienze naturali e dell'ingegneria","Research and experimental development on natural sciences and engineering","72.1","4","NACE"
"72.20","Ricerca e sviluppo sperimentale nel campo delle scienze sociali e umanistiche","Research and experimental development on social sciences and humanities","72.2","4","NACE"
"73.11","Attività di agenzie pubblicitarie","Activities of advertising agencies","73.1","4","NACE"
"73.12","Attività di concessionarie pubblicitarie","Media representation","73.1","4","NACE"
"73.20","Ricerche di mercato e sondaggi di opinione","Market research and public opinion polling","73.2","4","NACE"
"73.30","Pubbliche relazioni e comunicazione","Public relations and communication activities","73.3","4","NACE"
"74.11","Attività di progettazione di prodotti industriali e di moda","Industrial product and fashion design activities","74.1","4","NACE"
"74.12","Attività di progettazione grafica e di comunicazione visiva","Graphic design and visual communication activities","74.1","4","NACE"
"74.13","Attività di progettazione di interni","Interior design activities","74.1","4","NACE"
"74.14","Altre attività di progettazione specializzata","Other specialised design activities","74.1","4","NACE"
"74.20","Attività fotografiche","Photographic activities","74.2","4","NACE"
"74.30","Attività di traduzione e interpretariato","Translation and interpretation activities","74.3","4","NACE"
"74.91","Attività di servizi di intermediazione e marketing di brevetti","Patent brokering and marketing service activities","74.9","4","NACE"
"74.99","Tutte le altre attività professionali, scientifiche e tecniche n.c.a.","All other professional, scientific and technical activities n.e.c.","74.9","4","NACE"
"75.00","Servizi veterinari","Veterinary activities","75.0","4","NACE"
"77.11","Noleggio e leasing operativo di automobili e autoveicoli leggeri","Rental and leasing of cars and light motor vehicles","77.1","4","NACE"
"77.12","Noleggio e leasing operativo di autocarri","Rental and leasing of trucks","77.1","4","NACE"
"77.21","Noleggio e leasing operativo di attrezzature e articoli sportivi e ricreativi","Rental and leasing of recreational and sports goods","77.2","4","NACE"
"77.22","Noleggio e leasing operativo di altri beni per uso personale e per la casa","Rental and leasing of other personal and household goods","77.2","4","NACE"
"77.31","Noleggio e leasing operativo di macchine e attrezzature agricole","Rental and leasing of agricultural machinery and equipment","77.3","4","NACE"
"77.32","Noleggio e leasing operativo di macchine e attrezzature per lavori edili e di ingegneria civile","Rental and leasing of construction and civil engineering machinery and equipment","77.3","4","NACE"
"77.33","Noleggio e leasing operativo di macchine, attrezzature e computer per ufficio","Rental and leasing of office machinery, equipment and computers","77.3","4","NACE"
"77.34","Noleggio e leasing operativo di mezzi di trasporto marittimi, fluviali e lacustri","Rental and leasing of water transport equipment","77.3","4","NACE"
"77.35","Noleggio e leasing operativo di mezzi di trasporto aereo","Rental and leasing of air transport equipment","77.3","4","NACE"
"77.39","Noleggio e leasing operativo di altre macchine, attrezzature e beni materiali n.c.a.","Rental and leasing of other machinery, equipment and tangible goods n.e.c.","77.3","4","NACE"
"77.40","Concessione dei diritti di sfruttamento di proprietà intellettuale, escluse le opere soggette a diritto d'autore","Leasing of intellectual property and similar products, except copyrighted works","77.4","4","NACE"
"77.51","Attività di servizi di intermediazione per il noleggio e il leasing operativo di automobili, autocaravan e rimorchi","Intermediation service activities for rental and leasing of cars, motorhomes and trailers","77.5","4","NACE"
"77.52","Attività di servizi di intermediazione per il noleggio e il leasing operativo di altri beni materiali e beni immateriali non finanziari","Intermediation service activities for rental and leasing of other tangible goods and non-financial intangible assets","77.5","4","NACE"
"78.10","Attività di agenzie di collocamento","Activities of employment placement agencies","78.1","4","NACE"
"78.20","Attività di agenzie di lavoro interinale e altre attività di fornitura di risorse umane","Temporary employment agency activities and other human resource provisions","78.2","4","NACE"
"79.11","Attività di agenzie di viaggio","Travel agency activities","79.1","4","NACE"
"79.12","Attività di tour operator","Tour operator activities","79.1","4","NACE"
"79.90","Altri servizi di prenotazione e attività connesse","Other reservation service and related activities","79.9","4","NACE"
"80.01","Attività di investigazione e vigilanza privata","Investigation and private security activities","80.0","4","NACE"
"80.09","Attività di vigilanza n.c.a.","Security activities n.e.c.","80.0","4","NACE"
"81.10","Attività di servizi integrati agli edifici","Combined facilities support activities","81.1","4","NACE"
"81.21","Attività di pulizia generale di edifici","General cleaning of buildings","81.2","4","NACE"
"81.22","Altre attività di pulizia di edifici e pulizia industriale","Other building and industrial cleaning activities","81.2","4","NACE"
"81.23","Altre attività di pulizia","Other cleaning activities","81.2","4","NACE"
"81.30","Attività di servizi per la cura del paesaggio","Landscape service activities","81.3","4","NACE"
"82.10","Attività amministrative e di supporto per le funzioni di ufficio","Office administrative and support activities","82.1","4","NACE"
"82.20","Attività dei call center","Activities of call centres","82.2","4","NACE"
"82.30","Organizzazione di convegni e fiere","Organisation of conventions and trade shows","82.3","4","NACE"
"82.40","Attività di servizi di intermediazione per servizi di supporto alle imprese n.c.a.","Intermediation service activities for business support service activities n.e.c.","82.4","4","NACE"
"82.91","Attività di recupero crediti, di informazioni commerciali e di rating","Activities of collection agencies and credit bureaus","82.9","4","NACE"
"82.92","Attività di imballaggio","Packaging activities","82.9","4","NACE"
"82.99","Altri servizi di supporto alle imprese n.c.a.","Other business support service activities n.e.c.","82.9","4","NACE"
"84.11","Attività generali di amministrazione pubblica","General public administration activities","84.1","4","NACE"
"84.12","Regolamentazione dei servizi di assistenza sanitaria, istruzione, servizi culturali e di altri servizi sociali","Regulation of health care, education, cultural services and other social services","84.1","4","NACE"
"84.13","Regolamentazione delle attività che contribuiscono a una più efficiente gestione delle attività economiche","Regulation of and contribution to more efficient operation of businesses","84.1","4","NACE"
"84.21","Affari esteri","Foreign affairs","84.2","4","NACE"
"84.22","Difesa nazionale","Defence activities","84.2","4","NACE"
"84.23","Giustizia e attività giudiziarie","Justice and judicial activities","84.2","4","NACE"
"84.24","Ordine pubblico e sicurezza nazionale","Public order and safety activities","84.2","4","NACE"
"84.25","Servizi antincendio","Fire service activities","84.2","4","NACE"
"84.30","Assicurazione sociale obbligatoria","Compulsory social security activities","84.3","4","NACE"
"85.10","Istruzione prescolastica","Pre-primary education","85.1","4","NACE"
"85.20","Istruzione primaria","Primary education","85.2","4","NACE"
"85.31","Istruzione secondaria di formazione generale","General secondary education","85.3","4","NACE"
"85.32","Istruzione secondaria professionale","Vocational secondary education","85.3","4","NACE"
"85.33","Istruzione post-secondaria non terziaria","Post-secondary non-tertiary education","85.3","4","NACE"
"85.40","Istruzione terziaria","Tertiary education","85.4","4","NACE"
"85.51","Formazione sportiva e ricreativa","Sports and recreation education","85.5","4","NACE"
"85.52","Formazione culturale","Cultural education","85.5","4","NACE"
"85.53","Attività di scuole guida","Driving school activities","85.5","4","NACE"
"85.59","Altri servizi di istruzione e formazione n.c.a.","Other education n.e.c.","85.5","4","NACE"
"85.61","Attività di servizi di intermediazione per corsi e tutor","Intermediation service activities for courses and tutors","85.6","4","NACE"
"85.69","Altri servizi di supporto all'istruzione e formazione n.c.a.","Educational support activities n.e.c.","85.6","4","NACE"
"86.10","Attività ospedaliere","Hospital activities","86.1","4","NACE"
"86.21","Attività di medicina generale","General medical practice activities","86.2","4","NACE"
"86.22","Attività di medicina specialistica","Medical specialists activities","86.2","4","NACE"
"86.23","Attività odontoiatriche","Dental practice care activities","86.2","4","NACE"
"86.91","Attività di diagnostica per immagini e di laboratorio medico","Diagnostic imaging services and medical laboratory activities","86.9","4","NACE"
"86.92","Trasporto di pazienti in ambulanza","Patient transportation by ambulance","86.9","4","NACE"
"86.93","Attività di psicologi e psicoterapeuti, esclusi i medici","Activities of psychologists and psychotherapists, except medical doctors","86.9","4","NACE"
"86.94","Attività infermieristiche e ostetriche","Nursing and midwifery activities","86.9","4","NACE"
"86.95","Attività di fisioterapia","Physiotherapy activities","86.9","4","NACE"
"86.96","Attività di medicine complementari e alternative","Traditional, complementary and alternative medicine activities","86.9","4","NACE"
"86.97","Attività di servizi di intermediazione per attività mediche, odontoiatriche e altri servizi per la salute umana","Intermediation service activities for medical, dental and other human health services","86.9","4","NACE"
"86.99","Altre attività per la salute umana n.c.a.","Other human health activities n.e.c.","86.9","4","NACE"
"87.10","Attività di assistenza infermieristica residenziale","Residential nursing care activities","87.1","4","NACE"
"87.20","Attività di assistenza residenziale per persone affette da disturbi mentali o abuso di sostanze","Residential care activities for persons living with or having a diagnosis of a mental illness or substance abuse","87.2","4","NACE"
"87.30","Attività di assistenza residenziale per anziani o persone con disabilità fisiche","Residential care activities for older persons or persons with physical disabilities","87.3","4","NACE"
"87.91","Attività di servizi di intermediazione per attività di assistenza residenziale","Intermediation service activities for residential care activities","87.9","4","NACE"
"87.99","Altre attività di assistenza residenziale n.c.a.","Other residential care activities n.e.c.","87.9","4","NACE"
"88.10","Attività di assistenza sociale non residenziale per anziani o persone con disabilità","Social work activities without accommodation for older persons or persons with disabilities","88.1","4","NACE"
"88.91","Attività di assistenza diurna per l'infanzia","Child day-care activities","88.9","4","NACE"
"88.99","Altre attività di assistenza sociale non residenziale n.c.a.","Other social work activities without accommodation n.e.c.","88.9","4","NACE"
"90.11","Attività di creazione letteraria e composizione musicale","Literary creation and musical composition activities","90.1","4","NACE"
"90.12","Attività di creazione di arti visive","Visual arts creation activities","90.1","4","NACE"
"90.13","Altre attività di creazione artistica","Other arts creation activities","90.1","4","NACE"
"90.20","Attività di arti performative e rappresentazioni artistiche","Activities of performing arts","90.2","4","NACE"
"90.31","Gestione di strutture e spazi per le arti","Operation of arts facilities and sites","90.3","4","NACE"
"90.39","Altre attività di supporto alle arti performative e alle rappresentazioni artistiche","Other support activities to arts and performing arts","90.3","4","NACE"
"91.11","Attività di biblioteche","Library activities","91.1","4","NACE"
"91.12","Attività di archivi","Archive activities","91.1","4","NACE"
"91.21","Attività di musei e collezioni","Museum and collection activities","91.2","4","NACE"
"91.22","Attività di luoghi e monumenti storici","Historical site and monument activities","91.2","4","NACE"
"91.30","Conservazione, restauro e altre attività di supporto al patrimonio culturale","Conservation, restoration and other support activities for cultural heritage","91.3","4","NACE"
"91.41","Attività di orti botanici e giardini zoologici","Botanical and zoological garden activities","91.4","4","NACE"
"91.42","Attività di riserve e parchi naturali","Nature reserve activities","91.4","4","NACE"
"92.00","Attività di scommesse, lotterie e altri giochi d'azzardo","Gambling and betting activities","92.0","4","NACE"
"93.11","Gestione di impianti sportivi","Operation of sports facilities","93.1","4","NACE"
"93.12","Attività dei club sportivi","Activities of sports clubs","93.1","4","NACE"
"93.13","Attività dei centri di fitness","Activities of fitness centres","93.1","4","NACE"
"93.19","Attività sportive n.c.a.","Sports activities n.e.c.","93.1","4","NACE"
"93.21","Attività dei parchi di divertimento e dei parchi tematici","Activities of amusement parks and theme parks","93.2","4","NACE"
"93.29","Attività di intrattenimento e divertimento n.c.a.","Amusement and recreation activities n.e.c.","93.2","4","NACE"
"94.11","Attività di organizzazioni di imprese e dei datori di lavoro","Activities of business and employers membership organisations","94.1","4","NACE"
"94.12","Attività delle organizzazioni professionali","Activities of professional membership organisations","94.1","4","NACE"
"94.20","Attività dei sindacati di lavoratori","Activities of trade unions","94.2","4","NACE"
"94.91","Attività delle organizzazioni religiose","Activities of religious organisations","94.9","4","NACE"
"94.92","Attività delle organizzazioni politiche","Activities of political organisations","94.9","4","NACE"
"94.99","Attività di altre organizzazioni associative n.c.a.","Activities of other membership organisations n.e.c.","94.9","4","NACE"
"95.10","Riparazione e manutenzione di computer e di apparecchiature per le comunicazioni","Repair and maintenance of computers and communication equipment","95.1","4","NACE"
"95.21","Riparazione e manutenzione di prodotti di elettronica di consumo","Repair and maintenance of consumer electronics","95.2","4","NACE"
"95.22","Riparazione e manutenzione di elettrodomestici e di articoli per la casa e il giardinaggio","Repair and maintenance of household appliances and home and garden equipment","95.2","4","NACE"
"95.23","Riparazione e manutenzione di calzature e articoli in pelle","Repair and maintenance of footwear and leather goods","95.2","4","NACE"
"95.24","Riparazione e manutenzione di mobili e di oggetti di arredamento per la casa","Repair and maintenance of furniture and home furnishings","95.2","4","NACE"
"95.25","Riparazione e manutenzione di orologi e gioielli","Repair and maintenance of watches, clocks and jewellery","95.2","4","NACE"
"95.29","Riparazione e manutenzione di beni per uso personale e per la casa n.c.a.","Repair and maintenance of personal and household goods n.e.c.","95.2","4","NACE"
"95.31","Riparazione e manutenzione di autoveicoli","Repair and maintenance of motor vehicles","95.3","4","NACE"
"95.32","Riparazione e manutenzione di motocicli","Repair and maintenance of motorcycles","95.3","4","NACE"
"95.40","Attività di servizi di intermediazione per la riparazione e la manutenzione di computer, beni per uso personale e per la casa, autoveicoli e motocicli","Intermediation service activities for repair and maintenance of computers, personal and household goods, and motor vehicles and motorcycles","95.4","4","NACE"
"96.10","Servizi di lavaggio e pulitura di prodotti tessili e pellicce","Washing and cleaning of textile and fur products","96.1","4","NACE"
"96.21","Servizi di parrucchieri e barbieri","Hairdressing and barber activities","96.2","4","NACE"
"96.22","Servizi di cura della bellezza e altri trattamenti di bellezza","Beauty care and other beauty treatment activities","96.2","4","NACE"
"96.23","Servizi di centri benessere, sauna e bagno di vapore","Day spa, sauna and steam bath activities","96.2","4","NACE"
"96.30","Servizi funerari e attività connesse","Funeral and related activities","96.3","4","NACE"
"96.40","Attività di servizi di intermediazione per servizi alla persona","Intermediation service activities for personal services","96.4","4","NACE"
"96.91","Fornitura di servizi domestici","Provision of domestic personal service activities","96.9","4","NACE"
"96.99","Altre attività di servizi alla persona n.c.a.","Other personal service activities n.e.c.","96.9","4","NACE"
"97.00","Attività di famiglie e convivenze come datori di lavoro per personale domestico","Activities of households as employers of domestic personnel","97.0","4","NACE"
"98.10","Produzione di beni indifferenziati per uso proprio da parte di famiglie e convivenze","Undifferentiated goods-producing activities of private households for own use","98.1","4","NACE"
"98.20","Produzione di servizi indifferenziati per uso proprio da parte di famiglie e convivenze","Undifferentiated service-producing activities of private households for own use","98.2","4","NACE"
"99.00","Attività di organizzazioni e organismi extraterritoriali","Activities of extraterritorial organisations and bodies","99.0","4","NACE"
"01.11.0","Coltivazione di cereali, legumi da granella e semi oleosi, escluso il riso","Growing of cereals, other than rice, leguminous crops and oil seeds","01.11","5","ATECO"
"01.12.0","Coltivazione di riso","Growing of rice","01.12","5","ATECO"
"01.13.1","Coltivazione di ortaggi e meloni","Growing of vegetables and melons","01.13","5","ATECO"
"01.13.2","Coltivazione di radici, incluse barbabietole da zucchero","Growing of roots, including sugar beet","01.13","5","ATECO"
"01.13.3","Coltivazione di tuberi, incluse patate","Growing of tubers, including potatoes","01.13","5","ATECO"
"01.14.0","Coltivazione di canna da zucchero","Growing of sugar cane","01.14","5","ATECO"
"01.15.0","Coltivazione di tabacco","Growing of tobacco","01.15","5","ATECO"
"01.16.0","Coltivazione di piante tessili","Growing of fibre crops","01.16","5","ATECO"
"01.19.1","Coltivazione di fiori","Growing of flowers","01.19","5","ATECO"
"01.19.9","Coltivazione di piante da foraggio e di altre colture agricole non permanenti n.c.a.","Growing of crops for fodder and of other non-perennial crops n.e.c.","01.19","5","ATECO"
"01.21.0","Coltivazione di uva","Growing of grapes","01.21","5","ATECO"
"01.22.0","Coltivazione di frutta di origine tropicale e subtropicale","Growing of tropical and subtropical fruits","01.22","5","ATECO"
"01.23.0","Coltivazione di agrumi","Growing of citrus fruits","01.23","5","ATECO"
"01.24.0","Coltivazione di pomacee e frutta a nocciolo","Growing of pome fruits and stone fruits","01.24","5","ATECO"
"01.25.0","Coltivazione di altri alberi da frutto, frutti di bosco e frutta in guscio","Growing of other tree and bush fruits and nuts","01.25","5","ATECO"
"01.26.0","Coltivazione di frutti oleosi","Growing of oleaginous fruits","01.26","5","ATECO"
"01.27.0","Coltivazione di piante per la produzione di bevande","Growing of beverage crops","01.27","5","ATECO"
"01.28.0","Coltivazione di spezie, piante aromatiche e farmaceutiche","Growing of spices, aromatic, drug and pharmaceutical crops","01.28","5","ATECO"
"01.29.0","Coltivazione di altre colture agricole permanenti","Growing of other perennial crops","01.29","5","ATECO"
"01.30.0","Riproduzione delle piante","Plant propagation","01.30","5","ATECO"
"01.41.0","Allevamento di bovini da latte","Raising of dairy cattle","01.41","5","ATECO"
"01.42.0","Allevamento di altri bovini e bufalini","Raising of other cattle and buffaloes","01.42","5","ATECO"
"01.43.0","Allevamento di cavalli e altri equini","Raising of horses and other equines","01.43","5","ATECO"
"01.44.0","Allevamento di cammelli e camelidi","Raising of camels and camelids","01.44","5","ATECO"
"01.45.0","Allevamento di ovini e caprini","Raising of sheep and goats","01.45","5","ATECO"
"01.46.0","Allevamento di suini","Raising of swine and pigs","01.46","5","ATECO"
"01.47.0","Allevamento di pollame","Raising of poultry","01.47","5","ATECO"
"01.48.1","Allevamento di conigli","Raising of rabbits","01.48","5","ATECO"
"01.48.2","Allevamento di altri animali da pelliccia","Raising of other fur animals","01.48","5","ATECO"
"01.48.3","Apicoltura","Bee-keeping","01.48","5","ATECO"
"01.48.4","Bachicoltura","Sericulture","01.48","5","ATECO"
"01.48.9","Allevamento di altri animali n.c.a.","Raising of other animals n.e.c.","01.48","5","ATECO"
"01.50.0","Coltivazioni agricole associate all'allevamento di animali: attività mista","Mixed farming","01.50","5","ATECO"
"01.61.1","Manutenzione del terreno per mantenerlo in buone condizioni","Maintenance of land keeping it in good condition","01.61","5","ATECO"
"01.61.9","Attività di supporto alla produzione vegetale n.c.a.","Support activities for crop production n.e.c.","01.61","5","ATECO"
"01.62.0","Attività di supporto alla produzione animale","Support activities for animal production","01.62","5","ATECO"
"01.63.1","Attività successive alla raccolta","Post-harvest crop activities","01.63","5","ATECO"
"01.63.2","Lavorazione delle sementi per la semina","Seed processing for propagation","01.63","5","ATECO"
"01.70.0","Caccia, cattura di animali e servizi connessi","Hunting, trapping and related service activities","01.70","5","ATECO"
"02.10.0","Silvicoltura e altre attività forestali","Silviculture and other forestry activities","02.10","5","ATECO"
"02.20.0","Utilizzo di aree forestali","Logging","02.20","5","ATECO"
"02.30.0","Raccolta di prodotti selvatici non legnosi","Gathering of wild growing non-wood products","02.30","5","ATECO"
"02.40.0","Servizi di supporto per la silvicoltura","Support services to forestry","02.40","5","ATECO"
"03.11.0","Pesca marina","Marine fishing","03.11","5","ATECO"
"03.12.0","Pesca in acque dolci","Freshwater fishing","03.12","5","ATECO"
"03.21.0","Acquacoltura marina","Marine aquaculture","03.21","5","ATECO"
"03.22.0","Acquacoltura in acque dolci","Freshwater aquaculture","03.22","5","ATECO"
"03.30.0","Attività di supporto alla pesca e all'acquacoltura","Support activities for fishing and aquaculture","03.30","5","ATECO"
"05.10.0","Estrazione di antracite","Mining of hard coal","05.10","5","ATECO"
"05.20.0","Estrazione di lignite","Mining of lignite","05.20","5","ATECO"
"06.10.0","Estrazione di petrolio greggio","Extraction of crude petroleum","06.10","5","ATECO"
"06.20.0","Estrazione di gas naturale","Extraction of natural gas","06.20","5","ATECO"
"07.10.0","Estrazione di minerali metalliferi ferrosi","Mining of iron ores","07.10","5","ATECO"
"07.21.0","Estrazione di minerali di uranio e torio","Mining of uranium and thorium ores","07.21","5","ATECO"
"07.29.0","Estrazione di altri minerali metalliferi non ferrosi","Mining of other non-ferrous metal ores","07.29","5","ATECO"
"08.11.0","Estrazione di pietre ornamentali, calcare, pietra di gesso, ardesia e altre pietre","Quarrying of ornamental stone, limestone, gypsum, slate and other stone","08.11","5","ATECO"
"08.12.0","Estrazione di ghiaia, sabbia, argilla e caolino","Operation of gravel and sand pits and mining of clay and kaolin","08.12","5","ATECO"
"08.91.0","Estrazione di minerali per l'industria chimica e per la produzione di fertilizzanti","Mining of chemical and fertiliser minerals","08.91","5","ATECO"
"08.92.0","Estrazione di torba","Extraction of peat","08.92","5","ATECO"
"08.93.0","Estrazione di sale","Extraction of salt","08.93","5","ATECO"
"08.99.0","Altre attività estrattive n.c.a.","Other mining and quarrying n.e.c.","08.99","5","ATECO"
"09.10.0","Attività di supporto all'estrazione di petrolio e gas naturale","Support activities for petroleum and natural gas extraction","09.10","5","ATECO"
"09.90.0","Attività di supporto ad altre attività estrattive","Support activities for other mining and quarrying","09.90","5","ATECO"
"10.11.0","Lavorazione e conservazione di carne, esclusa la carne di volatili","Processing and preserving of meat, except of poultry meat","10.11","5","ATECO"
"10.12.0","Lavorazione e conservazione di carne di volatili","Processing and preserving of poultry meat","10.12","5","ATECO"
"10.13.0","Produzione di prodotti a base di carne, inclusi prodotti a base di carne di volatili","Production of meat and poultry meat products","10.13","5","ATECO"
"10.20.0","Lavorazione e conservazione di pesce, crostacei e molluschi","Processing and preserving of fish, crustaceans and molluscs","10.20","5","ATECO"
"10.31.0","Lavorazione e conservazione di patate","Processing and preserving of potatoes","10.31","5","ATECO"
"10.32.0","Produzione di succhi a base di frutta e ortaggi","Manufacture of fruit and vegetable juice","10.32","5","ATECO"
"10.39.0","Altre attività di lavorazione e conservazione di frutta e ortaggi","Other processing and preserving of fruit and vegetables","10.39","5","ATECO"
"10.41.1","Produzione di olio di oliva","Manufacture of olive oil","10.41","5","ATECO"
"10.41.2","Produzione di altri oli vegetali","Manufacture of vegetable oils, other than olive oil","10.41","5","ATECO"
"10.41.3","Produzione di oli e grassi animali","Manufacture of animal oils and fats","10.41","5","ATECO"
"10.42.0","Produzione di margarina e di grassi alimentari simili","Manufacture of margarine and similar edible fats","10.42","5","ATECO"
"10.51.1","Trattamento igienico del latte","Processing of liquid milk","10.51","5","ATECO"
"10.51.2","Produzione di derivati del latte","Manufacture of other dairy products","10.51","5","ATECO"
"10.52.0","Produzione di gelati","Manufacture of ice cream and other edible ice","10.52","5","ATECO"
"10.61.1","Lavorazione di frumento e altri cereali","Wheat and grain milling","10.61","5","ATECO"
"10.61.2","Lavorazione del riso","Rice milling","10.61","5","ATECO"
"10.61.9","Lavorazioni di altre granaglie","Manufacture of other grain mill products","10.61","5","ATECO"
"10.62.0","Produzione di amidi e di prodotti amidacei","Manufacture of starches and starch products","10.62","5","ATECO"
"10.71.1","Produzione di pane e prodotti di panetteria simili","Manufacture of bread and similar products","10.71","5","ATECO"
"10.71.2","Produzione di prodotti di pasticceria freschi","Manufacture of fresh pastry goods and cakes","10.71","5","ATECO"
"10.72.0","Produzione di fette biscottate, biscotti, prodotti di pasticceria conservati","Manufacture of rusks, biscuits, preserved pastries and cakes","10.72","5","ATECO"
"10.73.0","Produzione di prodotti farinacei","Manufacture of farinaceous products","10.73","5","ATECO"
"10.81.0","Produzione di zucchero","Manufacture of sugar","10.81","5","ATECO"
"10.82.0","Produzione di cacao, cioccolato, caramelle e confetterie","Manufacture of cocoa, chocolate and sugar confectionery","10.82","5","ATECO"
"10.83.0","Lavorazione di tè e caffè","Processing of tea and coffee","10.83","5","ATECO"
"10.84.0","Produzione di condimenti e spezie","Manufacture of condiments and seasonings","10.84","5","ATECO"
"10.85.0","Produzione di pasti e piatti preparati","Manufacture of prepared meals and dishes","10.85","5","ATECO"
"10.86.0","Produzione di preparati omogeneizzati e di alimenti dietetici","Manufacture of homogenised food preparations and dietetic food","10.86","5","ATECO"
"10.89.0","Produzione di altri prodotti alimentari n.c.a.","Manufacture of other food products n.e.c.","10.89","5","ATECO"
"10.91.0","Produzione di mangimi per l'alimentazione degli animali da allevamento","Manufacture of prepared feeds for farm animals","10.91","5","ATECO"
"10.92.0","Produzione di prodotti per l'alimentazione degli animali da compagnia","Manufacture of prepared pet foods","10.92","5","ATECO"
"11.01.0","Distillazione, rettifica e miscelatura di alcolici","Distilling, rectifying and blending of spirits","11.01","5","ATECO"
"11.02.1","Produzione di vini, esclusi vini spumanti e altri vini speciali","Manufacture of wine of fresh grapes, other than sparkling wine and other special wines","11.02","5","ATECO"
"11.02.2","Produzione di vini spumanti e altri vini speciali","Manufacture of sparkling wine and other special wines","11.02","5","ATECO"
"11.03.0","Produzione di sidro e di altre bevande fermentate a base di frutta","Manufacture of cider and other fermented fruit beverages","11.03","5","ATECO"
"11.04.0","Produzione di altre bevande fermentate non distillate","Manufacture of other non-distilled fermented beverages","11.04","5","ATECO"
"11.05.0","Produzione di birra","Manufacture of beer","11.05","5","ATECO"
"11.06.0","Produzione di malto","Manufacture of malt","11.06","5","ATECO"
"11.07.0","Produzione di bibite analcoliche e di acque in bottiglia","Manufacture of soft drinks and bottled waters","11.07","5","ATECO"
"12.00.0","Produzione di prodotti del tabacco","Manufacture of tobacco products","12.00","5","ATECO"
"13.10.0","Preparazione e filatura di fibre tessili","Preparation and spinning of textile fibres","13.10","5","ATECO"
"13.20.0","Tessitura","Weaving of textiles","13.20","5","ATECO"
"13.30.0","Finissaggio dei tessili","Finishing of textiles","13.30","5","ATECO"
"13.91.0","Fabbricazione di tessuti a maglia e all'uncinetto","Manufacture of knitted and crocheted fabrics","13.91","5","ATECO"
"13.92.1","Fabbricazione di tessili per la casa","Manufacture of made-up household textiles articles","13.92","5","ATECO"
"13.92.2","Fabbricazione di tessili per l'arredo","Manufacture of made-up furnishing articles","13.92","5","ATECO"
"13.93.0","Fabbricazione di tappeti e moquette","Manufacture of carpets and rugs","13.93","5","ATECO"
"13.94.0","Fabbricazione di spago, corde, funi e reti","Manufacture of cordage, rope, twine and netting","13.94","5","ATECO"
"13.95.0","Fabbricazione di tessuti non-tessuti e di articoli in tessuto non-tessuto","Manufacture of non-wovens and non-woven articles","13.95","5","ATECO"
"13.96.0","Fabbricazione di altri tessuti per uso tecnico e industriale","Manufacture of other technical and industrial textiles","13.96","5","ATECO"
"13.99.1","Fabbricazione di ricami, tulle, pizzi e merletti","Manufacture of tulles, lace and embroidery","13.99","5","ATECO"
"13.99.9","Fabbricazione di feltro e altri prodotti tessili diversi n.c.a.","Manufacture of felt and other various textile articles n.e.c.","13.99","5","ATECO"
"14.10.1","Fabbricazione di articoli di calzetteria a maglia e all'uncinetto","Manufacture of knitted and crocheted hosiery","14.10","5","ATECO"
"14.10.2","Fabbricazione di maglioni e altri articoli a maglia e all'uncinetto","Manufacture of pullovers, cardigans and other knitted and crocheted articles","14.10","5","ATECO"
"14.21.1","Fabbricazione in serie di abbigliamento esterno","Mass-manufacture of outerwear","14.21","5","ATECO"
"14.21.2","Sartoria e confezione su misura di abbigliamento esterno","Custom tailoring of outwear","14.21","5","ATECO"
"14.22.0","Fabbricazione di biancheria intima","Manufacture of underwear","14.22","5","ATECO"
"14.23.0","Fabbricazione di indumenti da lavoro","Manufacture of workwear","14.23","5","ATECO"
"14.24.0","Fabbricazione di abbigliamento in pelle e in pelliccia","Manufacture of leather clothes and fur apparel","14.24","5","ATECO"
"14.29.0","Fabbricazione di altri articoli di abbigliamento e accessori n.c.a.","Manufacture of other wearing apparel and accessories n.e.c.","14.29","5","ATECO"
"15.11.0","Concia, tintura e rifinizione di pelli, cuoi e pellicce","Tanning, dressing, dyeing of leather and fur","15.11","5","ATECO"
"15.12.0","Fabbricazione di articoli da viaggio, borse, pelletteria e selleria di qualsiasi materiale","Manufacture of luggage, handbags, saddlery and harness of any material","15.12","5","ATECO"
"15.20.1","Fabbricazione di calzature, escluse parti in cuoio per calzature","Manufacture of footwear, other than leather parts of footwear","15.20","5","ATECO"
"15.20.2","Fabbricazione di parti in cuoio per calzature","Manufacture of leather parts of footwear","15.20","5","ATECO"
"16.11.0","Taglio e piallatura del legno","Sawmilling and planing of wood","16.11","5","ATECO"
"16.12.0","Lavorazione e finitura del legno","Processing and finishing of wood","16.12","5","ATECO"
"16.21.0","Fabbricazione di fogli da impiallacciatura e di pannelli a base di legno","Manufacture of veneer sheets and wood-based panels","16.21","5","ATECO"
"16.22.0","Fabbricazione di pavimenti di legno con elementi pre-assemblati","Manufacture of assembled parquet floors","16.22","5","ATECO"
"16.23.0","Fabbricazione di altri prodotti di carpenteria in legno e falegnameria per l'edilizia","Manufacture of other builders' carpentry and joinery","16.23","5","ATECO"
"16.24.0","Fabbricazione di imballaggi in legno","Manufacture of wooden containers","16.24","5","ATECO"
"16.25.0","Fabbricazione di porte e finestre in legno","Manufacture of doors and windows of wood","16.25","5","ATECO"
"16.26.0","Produzione di combustibili solidi da biomassa vegetale","Manufacture of solid fuels from vegetable biomass","16.26","5","ATECO"
"16.27.0","Finitura di prodotti in legno","Finishing of wooden products","16.27","5","ATECO"
"16.28.1","Fabbricazione di altri prodotti in legno","Manufacture of other products of wood","16.28","5","ATECO"
"16.28.2","Fabbricazione di articoli in sughero","Manufacture of articles of cork materials","16.28","5","ATECO"
"16.28.3","Fabbricazione di articoli in paglia e materiali da intreccio","Manufacture of straw and plaiting materials","16.28","5","ATECO"
"17.11.0","Fabbricazione di pasta-carta","Manufacture of pulp","17.11","5","ATECO"
"17.12.0","Fabbricazione di carta e cartone","Manufacture of paper and paperboard","17.12","5","ATECO"
"17.21.0","Fabbricazione di carta, cartone ondulato e di imballaggi di carta e cartone","Manufacture of corrugated paper, paperboard and containers of paper and paperboard","17.21","5","ATECO"
"17.22.0","Fabbricazione di prodotti igienico-sanitari e per uso domestico in carta e ovatta di cellulosa","Manufacture of household and sanitary goods and of toilet requisites","17.22","5","ATECO"
"17.23.0","Fabbricazione di prodotti cartotecnici","Manufacture of paper stationery","17.23","5","ATECO"
"17.24.0","Fabbricazione di carta da parati","Manufacture of wallpaper","17.24","5","ATECO"
"17.25.0","Fabbricazione di altri articoli di carta e cartone","Manufacture of other articles of paper and paperboard","17.25","5","ATECO"
"18.11.0","Stampa di giornali","Printing of newspapers","18.11","5","ATECO"
"18.12.0","Altra stampa","Other printing","18.12","5","ATECO"
"18.13.0","Lavorazioni preliminari alla stampa e ai media","Pre-press and pre-media services","18.13","5","ATECO"
"18.14.0","Legatoria e servizi connessi","Binding and related services","18.14","5","ATECO"
"18.20.0","Riproduzione di supporti registrati","Reproduction of recorded media","18.20","5","ATECO"
"19.10.0","Fabbricazione di prodotti di cokeria","Manufacture of coke oven products","19.10","5","ATECO"
"19.20.1","Raffinazione di petrolio","Petroleum refining","19.20","5","ATECO"
"19.20.2","Fabbricazione di derivati del petrolio","Manufacture of petroleum derivatives","19.20","5","ATECO"
"19.20.3","Miscelazione di gas petroliferi liquefatti (GPL) e loro imbottigliamento","Blending of LPG (Liquefied Petroleum Gases) and bottling","19.20","5","ATECO"
"19.20.4","Fabbricazione di prodotti di base per la copertura stradale","Manufacture of products for the manufacture of road coverings","19.20","5","ATECO"
"19.20.9","Fabbricazione di altri prodotti derivanti dalla raffinazione del petrolio e prodotti da combustibili fossili","Manufacture of other refined petroleum products and fossil fuel products","19.20","5","ATECO"
"20.11.0","Fabbricazione di gas industriali","Manufacture of industrial gases","20.11","5","ATECO"
"20.12.0","Fabbricazione di coloranti e pigmenti","Manufacture of dyes and pigments","20.12","5","ATECO"
"20.13.0","Fabbricazione di altri prodotti chimici di base inorganici","Manufacture of other inorganic basic chemicals","20.13","5","ATECO"
"20.14.0","Fabbricazione di altri prodotti chimici di base organici","Manufacture of other organic basic chemicals","20.14","5","ATECO"
"20.15.0","Fabbricazione di fertilizzanti e composti azotati","Manufacture of fertilisers and nitrogen compounds","20.15","5","ATECO"
"20.16.0","Fabbricazione di materie plastiche in forme primarie","Manufacture of plastics in primary forms","20.16","5","ATECO"
"20.17.0","Fabbricazione di gomma sintetica in forme primarie","Manufacture of synthetic rubber in primary forms","20.17","5","ATECO"
"20.20.0","Fabbricazione di fitofarmaci, disinfettanti e altri prodotti chimici per l'agricoltura","Manufacture of pesticides, disinfectants and other agrochemical products","20.20","5","ATECO"
"20.30.0","Fabbricazione di pitture, vernici e smalti, inchiostri da stampa e adesivi sintetici","Manufacture of paints, varnishes and similar coatings, printing ink and mastics","20.30","5","ATECO"
"20.41.1","Fabbricazione di saponi, detergenti e preparazioni tensioattive","Manufacture of soap, detergents and surface-active preparations","20.41","5","ATECO"
"20.41.2","Fabbricazione di glicerina e altri prodotti per la pulizia e la lucidatura","Manufacture of glycerol and other cleaning and polishing preparations","20.41","5","ATECO"
"20.42.0","Fabbricazione di profumi e cosmetici","Manufacture of perfume and toilet preparations","20.42","5","ATECO"
"20.51.0","Produzione di biocarburanti liquidi","Manufacture of liquid biofuels","20.51","5","ATECO"
"20.59.1","Fabbricazione di fiammiferi e articoli esplosivi","Manufacture of matches and explosives","20.59","5","ATECO"
"20.59.2","Fabbricazione di colle","Manufacture of glues","20.59","5","ATECO"
"20.59.3","Fabbricazione di oli essenziali","Manufacture of essential oils","20.59","5","ATECO"
"20.59.9","Fabbricazione di altri prodotti chimici vari n.c.a.","Manufacture of other various chemical products n.e.c.","20.59","5","ATECO"
"20.60.0","Fabbricazione di fibre sintetiche e artificiali","Manufacture of man-made fibres","20.60","5","ATECO"
"21.10.0","Fabbricazione di prodotti farmaceutici di base","Manufacture of basic pharmaceutical products","21.10","5","ATECO"
"21.20.0","Fabbricazione di medicinali e preparati farmaceutici","Manufacture of pharmaceutical preparations","21.20","5","ATECO"
"22.11.1","Fabbricazione di pneumatici e camere d'aria","Manufacture of rubber tyres and manufacture of tubes","22.11","5","ATECO"
"22.11.2","Rigenerazione e ricostruzione di pneumatici","Retreading and rebuilding of rubber tyres","22.11","5","ATECO"
"22.12.0","Fabbricazione di altri prodotti in gomma","Manufacture of other rubber products","22.12","5","ATECO"
"22.21.0","Fabbricazione di lastre, fogli, tubi e profilati in materie plastiche","Manufacture of plastic plates, sheets, tubes and profiles","22.21","5","ATECO"
"22.22.0","Fabbricazione di imballaggi in materie plastiche","Manufacture of plastic packing goods","22.22","5","ATECO"
"22.23.0","Fabbricazione di porte e finestre in materie plastiche","Manufacture of doors and windows of plastic","22.23","5","ATECO"
"22.24.0","Fabbricazione di articoli in materie plastiche per l'edilizia","Manufacture of builders' ware of plastic","22.24","5","ATECO"
"22.25.0","Lavorazione e finitura di prodotti in materie plastiche","Processing and finishing of plastic products","22.25","5","ATECO"
"22.26.1","Fabbricazione di articoli e attrezzature per la pulizia in materie plastiche","Manufacture of plastic equipment for cleaning","22.26","5","ATECO"
"22.26.9","Fabbricazione di altri prodotti in materie plastiche n.c.a.","Manufacture of other plastic products n.e.c.","22.26","5","ATECO"
"23.11.0","Fabbricazione di vetro piano","Manufacture of flat glass","23.11","5","ATECO"
"23.12.0","Lavorazione e trasformazione del vetro piano","Shaping and processing of flat glass","23.12","5","ATECO"
"23.13.0","Fabbricazione di vetro cavo","Manufacture of hollow glass","23.13","5","ATECO"
"23.14.0","Fabbricazione di fibre di vetro","Manufacture of glass fibres","23.14","5","ATECO"
"23.15.1","Lavorazione di vetro a mano e a soffio artistico","Glass blowing","23.15","5","ATECO"
"23.15.9","Altre attività di fabbricazione e lavorazione di altro vetro incluso il vetro per usi tecnici","Other manufacture and processing of other glass, including technical glassware","23.15","5","ATECO"
"23.20.0","Fabbricazione di prodotti refrattari","Manufacture of refractory products","23.20","5","ATECO"
"23.31.0","Fabbricazione di piastrelle in ceramica per pavimenti e rivestimenti","Manufacture of ceramic tiles and flags","23.31","5","ATECO"
"23.32.0","Fabbricazione di mattoni, tegole e altri prodotti per l'edilizia in terracotta","Manufacture of bricks, tiles and construction products, in baked clay","23.32","5","ATECO"
"23.41.0","Fabbricazione di prodotti in ceramica per usi domestici e ornamentali","Manufacture of ceramic household and ornamental articles","23.41","5","ATECO"
"23.42.0","Fabbricazione di articoli sanitari in ceramica","Manufacture of ceramic sanitary fixtures","23.42","5","ATECO"
"23.43.0","Fabbricazione di isolatori e di pezzi isolanti in ceramica","Manufacture of ceramic insulators and insulating fittings","23.43","5","ATECO"
"23.44.0","Fabbricazione di altri prodotti in ceramica per uso tecnico e industriale","Manufacture of other technical ceramic products","23.44","5","ATECO"
"23.45.0","Fabbricazione di altri prodotti in ceramica","Manufacture of other ceramic products","23.45","5","ATECO"
"23.51.0","Produzione di cemento","Manufacture of cement","23.51","5","ATECO"
"23.52.1","Produzione di calce","Manufacture of lime","23.52","5","ATECO"
"23.52.2","Produzione di gesso","Manufacture of plaster","23.52","5","ATECO"
"23.61.0","Fabbricazione di prodotti in calcestruzzo per l'edilizia","Manufacture of concrete products for construction purposes","23.61","5","ATECO"
"23.62.0","Fabbricazione di prodotti in gesso per l'edilizia","Manufacture of plaster products for construction purposes","23.62","5","ATECO"
"23.63.0","Produzione di calcestruzzo pronto per l'uso","Manufacture of ready-mixed concrete","23.63","5","ATECO"
"23.64.0","Produzione di malta","Manufacture of mortars","23.64","5","ATECO"
"23.65.0","Fabbricazione di prodotti in fibrocemento","Manufacture of fibre cement","23.65","5","ATECO"
"23.66.0","Fabbricazione di altri prodotti in calcestruzzo, cemento e gesso","Manufacture of other articles of concrete, cement and plaster","23.66","5","ATECO"
"23.70.1","Taglio e lavorazione di pietre e di marmo","Cutting and processing of stone and marble","23.70","5","ATECO"
"23.70.2","Lavorazione artistica di marmo e di altre pietre affini","Shaping and finishing of stone and marble","23.70","5","ATECO"
"23.70.3","Frantumazione di pietre","Crushing of stone","23.70","5","ATECO"
"23.91.0","Fabbricazione di prodotti abrasivi","Manufacture of abrasive products","23.91","5","ATECO"
"23.99.0","Fabbricazione di altri prodotti in minerali non metalliferi n.c.a.","Manufacture of other non-metallic mineral products n.e.c.","23.99","5","ATECO"
"24.10.0","Fabbricazione di ferro, acciaio e ferroleghe","Manufacture of basic iron and steel and of ferro-alloys","24.10","5","ATECO"
"24.20.1","Fabbricazione di tubi, condotti, profilati cavi non saldati e relativi raccordi in acciaio","Manufacture of seamless tubes, pipes, hollow profiles and related fittings, of steel","24.20","5","ATECO"
"24.20.2","Fabbricazione di tubi, condotti, profilati cavi saldati e relativi raccordi in acciaio","Manufacture of welded tubes, pipes, hollow profiles and related fittings, of steel","24.20","5","ATECO"
"24.31.0","Trafilatura a freddo di barre","Cold drawing of bars","24.31","5","ATECO"
"24.32.0","Laminazione a freddo di nastri","Cold rolling of narrow strip","24.32","5","ATECO"
"24.33.0","Profilatura mediante formatura o piegatura a freddo","Cold forming or folding","24.33","5","ATECO"
"24.34.0","Trafilatura a freddo di fili","Cold drawing of wire","24.34","5","ATECO"
"24.41.0","Produzione di metalli preziosi","Precious metals production","24.41","5","ATECO"
"24.42.0","Produzione di alluminio","Aluminium production","24.42","5","ATECO"
"24.43.0","Produzione di piombo, zinco e stagno","Lead, zinc and tin production","24.43","5","ATECO"
"24.44.0","Produzione di rame","Copper production","24.44","5","ATECO"
"24.45.0","Produzione di altri metalli non ferrosi","Other non-ferrous metal production","24.45","5","ATECO"
"24.46.0","Trattamento di combustibili nucleari","Processing of nuclear fuel","24.46","5","ATECO"
"24.51.0","Fusione di getti in ghisa","Casting of iron","24.51","5","ATECO"
"24.52.0","Fusione di getti in acciaio","Casting of steel","24.52","5","ATECO"
"24.53.0","Fusione di getti in metalli leggeri","Casting of light metals","24.53","5","ATECO"
"24.54.0","Fusione di getti in altri metalli non ferrosi","Casting of other non-ferrous metals","24.54","5","ATECO"
"25.11.0","Fabbricazione di strutture metalliche e di parti di strutture metalliche","Manufacture of metal structures and parts of structures","25.11","5","ATECO"
"25.12.1","Fabbricazione di porte, finestre e loro telai, imposte e cancelli in metallo","Manufacture of metal doors, windows and their frames, shutters and gates","25.12","5","ATECO"
"25.12.2","Fabbricazione di tende in metallo e prodotti simili","Manufacture of metal blinds and similar products","25.12","5","ATECO"
"25.21.1","Fabbricazione di radiatori e contenitori in metallo per caldaie per il riscaldamento centrale","Manufacture of central heating radiators and boilers","25.21","5","ATECO"
"25.21.2","Fabbricazione di generatori di vapore","Manufacture of steam generators","25.21","5","ATECO"
"25.22.0","Fabbricazione di altre cisterne, serbatoi e contenitori in metallo","Manufacture of other tanks, reservoirs and containers of metal","25.22","5","ATECO"
"25.30.1","Fabbricazione di armi e munizioni per uso militare","Manufacture of military weapons and ammunition","25.30","5","ATECO"
"25.30.2","Fabbricazione di armi e munizioni per uso sportivo e civile","Manufacture of sporting and civilian firearms and ammunition","25.30","5","ATECO"
"25.40.0","Fucinatura e formatura dei metalli e metallurgia delle polveri","Forging and shaping metal and powder metallurgy","25.40","5","ATECO"
"25.51.0","Rivestimento dei metalli","Coating of metals","25.51","5","ATECO"
"25.52.0","Trattamento termico dei metalli","Heat treatment of metals","25.52","5","ATECO"
"25.53.0","Lavori di meccanica generale dei metalli","Machining of metals","25.53","5","ATECO"
"25.61.0","Fabbricazione di articoli di coltelleria e posateria","Manufacture of cutlery","25.61","5","ATECO"
"25.62.0","Fabbricazione di serrature e cerniere","Manufacture of locks and hinges","25.62","5","ATECO"
"25.63.1","Fabbricazione di utensileria ad azionamento manuale e di parti intercambiabili per macchine utensili","Manufacture of hand tools and of interchangeable tools","25.63","5","ATECO"
"25.63.2","Fabbricazione di stampi, portastampi, sagome, forme per macchine","Manufacture of moulding boxes and moulds","25.63","5","ATECO"
"25.91.0","Fabbricazione di bidoni in acciaio e di contenitori simili","Manufacture of steel drums and similar containers","25.91","5","ATECO"
"25.92.0","Fabbricazione di imballaggi in metallo leggero","Manufacture of light metal packaging","25.92","5","ATECO"
"25.93.1","Fabbricazione di prodotti fabbricati con fili metallici","Manufacture of wire products","25.93","5","ATECO"
"25.93.2","Fabbricazione di catene","Manufacture of chain","25.93","5","ATECO"
"25.93.3","Fabbricazione di molle","Manufacture of springs","25.93","5","ATECO"
"25.94.0","Fabbricazione di articoli di bulloneria","Manufacture of fasteners and screw machine products","25.94","5","ATECO"
"25.99.1","Fabbricazione di articoli domestici in metallo per la cucina e le stanze da bagno","Manufacture of metal household articles for bathroom and kitchen","25.99","5","ATECO"
"25.99.2","Fabbricazione di casseforti, cassette di sicurezza e porte metalliche blindate","Manufacture of safes, strongboxes and metal armoured doors","25.99","5","ATECO"
"25.99.9","Fabbricazione di altri prodotti vari in metallo n.c.a.","Manufacture of other various fabricated metal products n.e.c.","25.99","5","ATECO"
"26.11.0","Fabbricazione di componenti elettronici","Manufacture of electronic components","26.11","5","ATECO"
"26.12.0","Fabbricazione di schede elettroniche integrate","Manufacture of loaded electronic boards","26.12","5","ATECO"
"26.20.0","Fabbricazione di computer e unità periferiche","Manufacture of computers and peripheral equipment","26.20","5","ATECO"
"26.30.0","Fabbricazione di apparecchiature per le comunicazioni","Manufacture of communication equipment","26.30","5","ATECO"
"26.40.0","Fabbricazione di prodotti di elettronica di consumo","Manufacture of consumer electronics","26.40","5","ATECO"
"26.51.1","Fabbricazione di strumenti per navigazione, idrologia, geofisica e meteorologia","Manufacture of instruments and appliances for navigation, hydrology, geophysics and meteorology","26.51","5","ATECO"
"26.51.2","Fabbricazione di altri strumenti e apparecchi di misurazione e prova","Manufacture of other instruments and appliances for measuring and testing","26.51","5","ATECO"
"26.52.0","Fabbricazione di orologi","Manufacture of watches and clocks","26.52","5","ATECO"
"26.60.0","Fabbricazione di apparecchiature per irradiazione, elettromedicali ed elettroterapeutiche","Manufacture of irradiation, electromedical and electrotherapeutic equipment","26.60","5","ATECO"
"26.70.1","Fabbricazione di strumenti ottici, strumenti ottici di precisione, misurazione e controllo","Manufacture of optical instruments, optical precision tools and optical measuring and checking devices and instruments","26.70","5","ATECO"
"26.70.2","Fabbricazione di supporti magnetici e ottici","Manufacture of magnetic and optical media","26.70","5","ATECO"
"26.70.3","Fabbricazione di apparecchiature fotografiche","Manufacture of photographic equipment","26.70","5","ATECO"
"27.11.0","Fabbricazione di motori, generatori e trasformatori elettrici","Manufacture of electric motors, generators and transformers","27.11","5","ATECO"
"27.12.0","Fabbricazione di apparecchiature per la distribuzione e il controllo dell'elettricità","Manufacture of electricity distribution and control apparatus","27.12","5","ATECO"
"27.20.0","Fabbricazione di batterie e accumulatori","Manufacture of batteries and accumulators","27.20","5","ATECO"
"27.31.0","Fabbricazione di cavi in fibra ottica","Manufacture of fibre optic cables","27.31","5","ATECO"
"27.32.0","Fabbricazione di altri fili e cavi elettronici ed elettrici","Manufacture of other electronic and electric wires and cables","27.32","5","ATECO"
"27.33.0","Fabbricazione di attrezzature per cablaggio","Manufacture of wiring devices","27.33","5","ATECO"
"27.40.0","Fabbricazione di apparecchiature per l'illuminazione","Manufacture of lighting equipment","27.40","5","ATECO"
"27.51.0","Fabbricazione di elettrodomestici","Manufacture of electric domestic appliances","27.51","5","ATECO"
"27.52.0","Fabbricazione di apparecchi non elettrici per uso domestico","Manufacture of non-electric domestic appliances","27.52","5","ATECO"
"27.90.0","Fabbricazione di altre apparecchiature elettriche","Manufacture of other electrical equipment","27.90","5","ATECO"
"28.11.1","Fabbricazione di motori, esclusi motori per aeromobili, veicoli e motocicli","Manufacture of engines, except aircraft, vehicle and cycle engines","28.11","5","ATECO"
"28.11.2","Fabbricazione di turbine","Manufacture of turbines","28.11","5","ATECO"
"28.12.0","Fabbricazione di apparecchiature fluidodinamiche","Manufacture of fluid power equipment","28.12","5","ATECO"
"28.13.0","Fabbricazione di altre pompe e compressori","Manufacture of other pumps and compressors","28.13","5","ATECO"
"28.14.0","Fabbricazione di altri rubinetti e valvole","Manufacture of other taps and valves","28.14","5","ATECO"
"28.15.0","Fabbricazione di cuscinetti, ingranaggi e organi di trasmissione","Manufacture of bearings, gears, gearing and driving elements","28.15","5","ATECO"
"28.21.1","Fabbricazione di forni","Manufacture of ovens and furnaces","28.21","5","ATECO"
"28.21.2","Fabbricazione di caldaie e apparecchiature fisse per il riscaldamento domestico","Manufacture of permanent household heating equipment","28.21","5","ATECO"
"28.22.0","Fabbricazione di apparecchi di sollevamento e movimentazione","Manufacture of lifting and handling equipment","28.22","5","ATECO"
"28.23.0","Fabbricazione di macchine e attrezzature per ufficio, esclusi computer e unità periferiche","Manufacture of office machinery and equipment, except computers and peripheral equipment","28.23","5","ATECO"
"28.24.0","Fabbricazione di utensili portatili a motore","Manufacture of power-driven hand tools","28.24","5","ATECO"
"28.25.0","Fabbricazione di apparecchiature di climatizzazione per uso non domestico","Manufacture of non-domestic air conditioning equipment","28.25","5","ATECO"
"28.29.1","Fabbricazione di bilance e distributori automatici","Manufacture of weighing machinery and automatic goods vending machines","28.29","5","ATECO"
"28.29.2","Fabbricazione di impianti di distillazione o rettificazione per raffinerie di petrolio e industrie chimiche","Manufacture of distilling or rectifying plant for petroleum refineries and chemical industries","28.29","5","ATECO"
"28.29.3","Fabbricazione di macchine per la dosatura, la confezione e per l'imballaggio","Manufacture of packing and wrapping machinery","28.29","5","ATECO"
"28.29.4","Fabbricazione di macchine per la pulizia per uso non domestico","Manufacture of cleaning machines for non-domestic use","28.29","5","ATECO"
"28.29.9","Fabbricazione di altre macchine varie di impiego generale","Manufacture of other various general-purpose machinery","28.29","5","ATECO"
"28.30.1","Fabbricazione di trattori per l'agricoltura e la silvicoltura","Manufacture of agriculture and forestry tractors","28.30","5","ATECO"
"28.30.9","Fabbricazione di altre macchine per l'agricoltura e la silvicoltura","Manufacture of other agricultural and forestry machinery","28.30","5","ATECO"
"28.41.0","Fabbricazione di macchine per la deformazione dei metalli e di altre macchine utensili per la lavorazione dei metalli","Manufacture of metal forming machinery and machine tools for metal work","28.41","5","ATECO"
"28.42.0","Fabbricazione di altre macchine utensili","Manufacture of other machine tools","28.42","5","ATECO"
"28.91.0","Fabbricazione di macchine per la metallurgia","Manufacture of machinery for metallurgy","28.91","5","ATECO"
"28.92.0","Fabbricazione di macchine da miniera, cava e cantiere","Manufacture of machinery for mining, quarrying and construction","28.92","5","ATECO"
"28.93.0","Fabbricazione di macchine per l'industria alimentare, delle bevande e del tabacco","Manufacture of machinery for food, beverage and tobacco processing","28.93","5","ATECO"
"28.94.1","Fabbricazione di macchine tessili","Manufacture of textile machinery","28.94","5","ATECO"
"28.94.2","Fabbricazione di macchine per la lavorazione delle pelli e del cuoio","Manufacture of leather machinery","28.94","5","ATECO"
"28.94.3","Fabbricazione di macchine per lavanderie e stirerie","Manufacture of laundry machinery","28.94","5","ATECO"
"28.95.0","Fabbricazione di macchine per l'industria della carta e del cartone","Manufacture of machinery for paper and paperboard production","28.95","5","ATECO"
"28.96.0","Fabbricazione di macchine per l'industria delle materie plastiche e della gomma","Manufacture of plastics and rubber machinery","28.96","5","ATECO"
"28.97.0","Fabbricazione di macchine per la produzione additiva","Manufacture of additive manufacturing machinery","28.97","5","ATECO"
"28.99.1","Fabbricazione di macchine per la stampa e la legatoria","Manufacture of printing and bookbinding machines","28.99","5","ATECO"
"28.99.2","Fabbricazione di robot industriali con compiti multipli per scopi speciali","Manufacture of industrial robots for multiple uses","28.99","5","ATECO"
"28.99.9","Fabbricazione di altre macchine varie per impieghi speciali n.c.a.","Manufacture of other various special-purpose machinery n.e.c.","28.99","5","ATECO"
"29.10.0","Fabbricazione di autoveicoli","Manufacture of motor vehicles","29.10","5","ATECO"
"29.20.0","Fabbricazione di carrozzerie per autoveicoli; fabbricazione di rimorchi e semirimorchi","Manufacture of bodies and coachwork for motor vehicles; manufacture of trailers and semi-trailers","29.20","5","ATECO"
"29.31.0","Fabbricazione di apparecchiature elettriche ed elettroniche per autoveicoli","Manufacture of electrical and electronic equipment for motor vehicles","29.31","5","ATECO"
"29.32.0","Fabbricazione di altre parti e accessori per autoveicoli","Manufacture of other parts and accessories for motor vehicles","29.32","5","ATECO"
"30.11.0","Costruzione di navi e di strutture galleggianti per scopi civili","Building of civilian ships and floating structures","30.11","5","ATECO"
"30.12.0","Costruzione di imbarcazioni da diporto e sportive","Building of pleasure and sporting boats","30.12","5","ATECO"
"30.13.0","Costruzione di navi e imbarcazioni per scopi militari","Building of military ships and vessels","30.13","5","ATECO"
"30.20.0","Costruzione di locomotive e di materiale rotabile ferro-tranviario","Manufacture of railway locomotives and rolling stock","30.20","5","ATECO"
"30.31.0","Fabbricazione di aeromobili, veicoli spaziali e relativi equipaggiamenti per scopi civili","Manufacture of civilian air and spacecraft and related machinery","30.31","5","ATECO"
"30.32.0","Fabbricazione di aeromobili, veicoli spaziali e relativi equipaggiamenti per scopi militari","Manufacture of military air and spacecraft and related machinery","30.32","5","ATECO"
"30.40.0","Fabbricazione di veicoli militari da combattimento","Manufacture of military fighting vehicles","30.40","5","ATECO"
"30.91.1","Fabbricazione di motocicli, escluse parti e accessori","Manufacture of motorcycles, other than parts and accessories","30.91","5","ATECO"
"30.91.2","Fabbricazione di parti e accessori per motocicli","Manufacture of parts and accessories for motorcycles","30.91","5","ATECO"
"30.92.1","Fabbricazione di biciclette, escluse parti e accessori","Manufacture of bicycles, other than parts and accessories","30.92","5","ATECO"
"30.92.2","Fabbricazione di parti e accessori per biciclette","Manufacture of parts and accessories for bicycles","30.92","5","ATECO"
"30.92.3","Fabbricazione di veicoli per disabili","Manufacture of invalid carriages","30.92","5","ATECO"
"30.92.4","Fabbricazione di carrozzine e passeggini","Manufacture of baby carriages","30.92","5","ATECO"
"30.99.0","Fabbricazione di altri mezzi di trasporto n.c.a.","Manufacture of other transport equipment n.e.c.","30.99","5","ATECO"
"31.00.1","Fabbricazione di mobili per negozi, uffici e altri spazi per collettività","Manufacture of furniture for shops, offices and other similar places","31.00","5","ATECO"
"31.00.2","Fabbricazione di mobili da cucina","Manufacture of kitchen furniture","31.00","5","ATECO"
"31.00.3","Fabbricazione di altri mobili per la casa","Manufacture of other home furniture","31.00","5","ATECO"
"32.11.0","Coniazione di monete","Striking of coins","32.11","5","ATECO"
"32.12.1","Lavorazione di pietre preziose e semipreziose","Production of precious and semi-precious stones in the worked state","32.12","5","ATECO"
"32.12.2","Fabbricazione di gioielli e articoli di oreficeria in metalli preziosi","Manufacture of jewellery and goldsmiths' articles of precious metals","32.12","5","ATECO"
"32.13.0","Fabbricazione di bigiotteria e articoli simili","Manufacture of imitation jewellery and related articles","32.13","5","ATECO"
"32.20.0","Fabbricazione di strumenti musicali","Manufacture of musical instruments","32.20","5","ATECO"
"32.30.0","Fabbricazione di articoli sportivi","Manufacture of sports goods","32.30","5","ATECO"
"32.40.1","Fabbricazione di giochi","Manufacture of games","32.40","5","ATECO"
"32.40.2","Fabbricazione di giocattoli","Manufacture of toys","32.40","5","ATECO"
"32.50.1","Fabbricazione di protesi dentarie","Manufacture of dentures","32.50","5","ATECO"
"32.50.2","Fabbricazione di altre protesi e ausili","Manufacture of other prosthetic devices and aids","32.50","5","ATECO"
"32.50.3","Fabbricazione di lenti oftalmiche","Manufacture of ophthalmic lenses","32.50","5","ATECO"
"32.50.4","Fabbricazione di montature per occhiali","Manufacture of eyeglass frames","32.50","5","ATECO"
"32.50.5","Fabbricazione di altri strumenti e forniture mediche e dentistiche","Manufacture of other medical and dental instruments and supplies","32.50","5","ATECO"
"32.91.0","Fabbricazione di scope e spazzole","Manufacture of brooms and brushes","32.91","5","ATECO"
"32.99.1","Fabbricazione di dispositivi protettivi di sicurezza","Manufacture of protective safety equipment","32.99","5","ATECO"
"32.99.2","Fabbricazione di ombrelli, bottoni, chiusure lampo, parrucche e affini","Manufacture of umbrellas, buttons, zippers, wigs and similar articles","32.99","5","ATECO"
"32.99.3","Fabbricazione di articoli di cancelleria","Manufacture of stationery articles","32.99","5","ATECO"
"32.99.4","Fabbricazione di casse funebri","Manufacture of burial coffins","32.99","5","ATECO"
"32.99.9","Fabbricazione di altri articoli n.c.a.","Manufacture of other articles n.e.c.","32.99","5","ATECO"
"33.11.0","Riparazione e manutenzione di prodotti in metallo","Repair and maintenance of fabricated metal products","33.11","5","ATECO"
"33.12.1","Riparazione e manutenzione di motori, turbine, pompe, compressori e altri elementi simili","Repair and maintenance of engines, pumps, compressors and other similar machinery","33.12","5","ATECO"
"33.12.2","Riparazione e manutenzione di caldaie per processi industriali","Repair and maintenance of industrial process furnaces","33.12","5","ATECO"
"33.12.3","Riparazione e manutenzione di apparecchi di sollevamento e movimentazione","Repair and maintenance of lifting and handling equipment","33.12","5","ATECO"
"33.12.4","Riparazione e manutenzione di impianti di refrigerazione industriale e di depurazione dell'aria","Repair and maintenance of industrial refrigeration equipment and air-purifying equipment","33.12","5","ATECO"
"33.12.5","Riparazione e manutenzione di altre macchine di impiego generale","Repair and maintenance of other general-purpose machinery","33.12","5","ATECO"
"33.12.6","Riparazione e manutenzione di trattori agricoli","Repair and maintenance of agricultural tractors","33.12","5","ATECO"
"33.12.7","Riparazione e manutenzione di altre macchine per l'agricoltura e la silvicoltura","Repair and maintenance of other machinery used in agriculture and forestry","33.12","5","ATECO"
"33.12.9","Riparazione e manutenzione di altre macchine per impieghi speciali","Repair and maintenance of other special-purpose machinery","33.12","5","ATECO"
"33.13.0","Riparazione e manutenzione di apparecchiature elettroniche e ottiche","Repair and maintenance of electronic and optical equipment","33.13","5","ATECO"
"33.14.0","Riparazione e manutenzione di apparecchiature elettriche","Repair and maintenance of electrical equipment","33.14","5","ATECO"
"33.15.0","Riparazione e manutenzione di navi e imbarcazioni per scopi civili","Repair and maintenance of civilian ships and boats","33.15","5","ATECO"
"33.16.0","Riparazione e manutenzione di aeromobili e veicoli spaziali per scopi civili","Repair and maintenance of civilian air and spacecraft","33.16","5","ATECO"
"33.17.0","Riparazione e manutenzione di altri mezzi di trasporto per scopi civili","Repair and maintenance of other civilian transport equipment","33.17","5","ATECO"
"33.18.1","Riparazione e manutenzione di veicoli da combattimento per scopi militari","Repair and maintenance of military fighting vehicles","33.18","5","ATECO"
"33.18.2","Riparazione e manutenzione di navi e imbarcazioni per scopi militari","Repair and maintenance of military ships and boats","33.18","5","ATECO"
"33.18.3","Riparazione e manutenzione di aeromobili e veicoli spaziali per scopi militari","Repair and maintenance of military air and spacecraft","33.18","5","ATECO"
"33.19.0","Riparazione e manutenzione di altre apparecchiature","Repair and maintenance of other equipment","33.19","5","ATECO"
"33.20.0","Installazione di macchine e apparecchiature industriali","Installation of industrial machinery and equipment","33.20","5","ATECO"
"35.11.0","Produzione di energia elettrica da fonti non rinnovabili","Production of electricity from non-renewable sources","35.11","5","ATECO"
"35.12.0","Produzione di energia elettrica da fonti rinnovabili","Production of electricity from renewable sources","35.12","5","ATECO"
"35.13.0","Trasmissione di energia elettrica","Transmission of electricity","35.13","5","ATECO"
"35.14.0","Distribuzione di energia elettrica","Distribution of electricity","35.14","5","ATECO"
"35.15.0","Commercio di energia elettrica","Trade of electricity","35.15","5","ATECO"
"35.16.0","Stoccaggio di energia elettrica","Storage of electricity","35.16","5","ATECO"
"35.21.0","Produzione di gas","Manufacture of gas","35.21","5","ATECO"
"35.22.0","Distribuzione di combustibili gassosi mediante condotte","Distribution of gaseous fuels through mains","35.22","5","ATECO"
"35.23.0","Commercio di gas distribuito mediante condotte","Trade of gas through mains","35.23","5","ATECO"
"35.24.0","Stoccaggio di gas nell'ambito dei servizi di fornitura della rete","Storage of gas as part of network supply services","35.24","5","ATECO"
"35.30.0","Fornitura di vapore e aria condizionata","Steam and air conditioning supply","35.30","5","ATECO"
"35.40.0","Attività di servizi di intermediazione per l'energia elettrica e il gas naturale","Activities of brokers and agents for electric power and natural gas","35.40","5","ATECO"
"36.00.0","Raccolta, trattamento e fornitura di acqua","Water collection, treatment and supply","36.00","5","ATECO"
"37.00.0","Gestione delle reti fognarie","Sewerage","37.00","5","ATECO"
"38.11.0","Raccolta di rifiuti non pericolosi","Collection of non-hazardous waste","38.11","5","ATECO"
"38.12.0","Raccolta di rifiuti pericolosi","Collection of hazardous waste","38.12","5","ATECO"
"38.21.1","Smantellamento di carcasse","Dismantling of wrecks of any type for materials recovery","38.21","5","ATECO"
"38.21.2","Recupero dei materiali da rifiuti metallici","Recovery of materials from metal waste","38.21","5","ATECO"
"38.21.3","Recupero dei materiali da rifiuti plastici","Recovery of materials from plastics waste","38.21","5","ATECO"
"38.21.4","Recupero dei materiali da altri rifiuti","Recovery of materials from other waste","38.21","5","ATECO"
"38.22.0","Recupero di energia","Energy recovery","38.22","5","ATECO"
"38.23.0","Altre attività di recupero dei rifiuti","Other waste recovery","38.23","5","ATECO"
"38.31.0","Incenerimento senza recupero di energia","Incineration without energy recovery","38.31","5","ATECO"
"38.32.0","Conferimento in discarica o stoccaggio permanente","Landfilling or permanent storage","38.32","5","ATECO"
"38.33.0","Altre attività di smaltimento dei rifiuti","Other waste disposal","38.33","5","ATECO"
"39.00.0","Attività di risanamento e altri servizi di gestione dei rifiuti","Remediation activities and other waste management service activities","39.00","5","ATECO"
"41.00.0","Costruzione di edifici residenziali e non residenziali","Construction of residential and non-residential buildings","41.00","5","ATECO"
"42.11.0","Costruzione di strade e autostrade","Construction of roads and motorways","42.11","5","ATECO"
"42.12.0","Costruzione di linee ferroviarie e metropolitane","Construction of railways and underground railways","42.12","5","ATECO"
"42.13.0","Costruzione di ponti e gallerie","Construction of bridges and tunnels","42.13","5","ATECO"
"42.21.0","Costruzione di opere di pubblica utilità per il trasporto dei fluidi","Construction of utility projects for fluids","42.21","5","ATECO"
"42.22.0","Costruzione di opere di pubblica utilità per l'energia elettrica e le telecomunicazioni","Construction of utility projects for electricity and telecommunications","42.22","5","ATECO"
"42.91.0","Costruzione di opere idrauliche","Construction of water projects","42.91","5","ATECO"
"42.99.0","Costruzione di altre opere di ingegneria civile n.c.a.","Construction of other civil engineering projects n.e.c.","42.99","5","ATECO"
"43.11.0","Demolizione","Demolition","43.11","5","ATECO"
"43.12.0","Preparazione del cantiere edile","Site preparation","43.12","5","ATECO"
"43.13.0","Trivellazioni e perforazioni","Test drilling and boring","43.13","5","ATECO"
"43.21.0","Installazione di impianti elettrici","Electrical installation","43.21","5","ATECO"
"43.22.0","Installazione di impianti idraulici, di riscaldamento e di condizionamento dell'aria","Plumbing, heat and air-conditioning installation","43.22","5","ATECO"
"43.23.0","Installazione di sistemi per l'isolamento","Installation of insulation","43.23","5","ATECO"
"43.24.0","Altri lavori di installazione edili","Other construction installation","43.24","5","ATECO"
"43.31.0","Intonacatura","Plastering","43.31","5","ATECO"
"43.32.0","Posa in opera di infissi","Joinery installation","43.32","5","ATECO"
"43.33.0","Rivestimento di pavimenti e di pareti","Floor and wall covering","43.33","5","ATECO"
"43.34.0","Tinteggiatura e posa in opera di vetri","Painting and glazing","43.34","5","ATECO"
"43.35.0","Altri lavori di completamento e finitura degli edifici","Other building completion and finishing","43.35","5","ATECO"
"43.41.0","Realizzazione di coperture","Roofing activities","43.41","5","ATECO"
"43.42.0","Altri lavori di costruzione specializzati nella costruzione di edifici","Other specialised construction activities in construction of buildings","43.42","5","ATECO"
"43.50.0","Lavori di costruzione specializzati nell'ingegneria civile","Specialised construction activities in civil engineering","43.50","5","ATECO"
"43.60.0","Attività di servizi di intermediazione per servizi di costruzione specializzati","Intermediation service activities for specialised construction services","43.60","5","ATECO"
"43.91.0","Lavori di muratura","Masonry and bricklaying activities","43.91","5","ATECO"
"43.99.0","Altri lavori di costruzione specializzati n.c.a.","Other specialised construction activities n.e.c.","43.99","5","ATECO"
"46.11.0","Attività di intermediari del commercio all'ingrosso di materie prime agricole, animali vivi, materie prime tessili e semilavorati","Activities of agents involved in the wholesale of agricultural raw materials, live animals, textile raw materials and semi-finished goods","46.11","5","ATECO"
"46.12.0","Attività di intermediari del commercio all'ingrosso di combustibili, minerali, metalli e prodotti chimici per l'industria","Activities of agents involved in the wholesale of fuels, ores, metals and industrial chemicals","46.12","5","ATECO"
"46.13.0","Attività di intermediari del commercio all'ingrosso di legname e materiali da costruzione","Activities of agents involved in the wholesale of timber and building materials","46.13","5","ATECO"
"46.14.0","Attività di intermediari del commercio all'ingrosso di macchine e attrezzature industriali, navi e aeromobili","Activities of agents involved in the wholesale of machinery, industrial equipment, ships and aircraft","46.14","5","ATECO"
"46.15.0","Attività di intermediari del commercio all'ingrosso di mobili, articoli per la casa e ferramenta","Activities of agents involved in the wholesale of furniture, household goods, hardware and ironmongery","46.15","5","ATECO"
"46.16.0","Attività di intermediari del commercio all'ingrosso di prodotti tessili, abbigliamento, pellicce, calzature e articoli in pelle","Activities of agents involved in the wholesale of textiles, clothing, fur, footwear and leather goods","46.16","5","ATECO"
"46.17.0","Attività di intermediari del commercio all'ingrosso di prodotti alimentari, bevande e tabacchi","Activities of agents involved in the wholesale of food, beverages and tobacco","46.17","5","ATECO"
"46.18.1","Attività di intermediari del commercio all'ingrosso di prodotti farmaceutici e articoli medicali, profumi e articoli di profumeria e prodotti per la pulizia","Activities of agents involved in the wholesale of pharmaceutical and medical goods, perfumery and toilet articles and cleaning materials","46.18","5","ATECO"
"46.18.2","Attività di intermediari del commercio all'ingrosso di giochi e giocattoli, attrezzature sportive, orologi e gioielli, apparecchiature fotografiche e strumenti ottici","Activities of agents involved in the wholesale of games and toys, sports goods, watches, clocks and jewellery, photographic and optical equipment","46.18","5","ATECO"
"46.18.3","Attività di intermediari del commercio all'ingrosso di libri, giornali, riviste e articoli di cancelleria","Activities of agents involved in the wholesale of books, newspapers, magazines and stationery","46.18","5","ATECO"
"46.18.4","Attività di intermediari del commercio all'ingrosso di automobili, altri autoveicoli e motocicli","Activities of agents involved in the wholesale of cars, other motor vehicles and motorcycles","46.18","5","ATECO"
"46.18.5","Attività di intermediari del commercio all'ingrosso di apparecchiature audio e video","Activities of agents involved in the wholesale of audio and video equipment","46.18","5","ATECO"
"46.18.9","Attività di intermediari del commercio all'ingrosso di altri prodotti specifici n.c.a.","Activities of agents involved in the wholesale of other particular products n.e.c.","46.18","5","ATECO"
"46.19.0","Attività di intermediari del commercio all'ingrosso non specializzato","Activities of agents involved in non-specialised wholesale","46.19","5","ATECO"
"46.21.1","Commercio all'ingrosso di cereali","Wholesale of grains","46.21","5","ATECO"
"46.21.2","Commercio all'ingrosso di tabacco grezzo, sementi e alimenti per il bestiame","Wholesale of unmanufactured tobacco, seeds and animal feeds","46.21","5","ATECO"
"46.22.0","Commercio all'ingrosso di fiori e piante","Wholesale of flowers and plants","46.22","5","ATECO"
"46.23.0","Commercio all'ingrosso di animali vivi","Wholesale of live animals","46.23","5","ATECO"
"46.24.0","Commercio all'ingrosso di pelli e cuoio","Wholesale of hides, skins and leather","46.24","5","ATECO"
"46.31.1","Commercio all'ingrosso di frutta e ortaggi freschi","Wholesale of fresh fruit and vegetables","46.31","5","ATECO"
"46.31.2","Commercio all'ingrosso di frutta e ortaggi conservati o surgelati","Wholesale of preserved or frozen fruit and vegetables","46.31","5","ATECO"
"46.32.1","Commercio all'ingrosso di carne","Wholesale of meat","46.32","5","ATECO"
"46.32.2","Commercio all'ingrosso di salumi e di altri prodotti a base di carne","Wholesale of charcuterie and other meat products","46.32","5","ATECO"
"46.32.3","Commercio all'ingrosso di pesce","Wholesale of fish","46.32","5","ATECO"
"46.33.1","Commercio all'ingrosso di prodotti lattiero-caseari e uova","Wholesale of dairy products and eggs","46.33","5","ATECO"
"46.33.2","Commercio all'ingrosso di oli e grassi alimentari","Wholesale of edible oils and fats","46.33","5","ATECO"
"46.34.1","Commercio all'ingrosso di bevande alcoliche","Wholesale of alcoholic beverages","46.34","5","ATECO"
"46.34.2","Commercio all'ingrosso di bevande analcoliche","Wholesale of non-alcoholic beverages","46.34","5","ATECO"
"46.35.0","Commercio all'ingrosso di prodotti del tabacco","Wholesale of tobacco products","46.35","5","ATECO"
"46.36.0","Commercio all'ingrosso di zucchero, cioccolato e dolciumi","Wholesale of sugar, chocolate and sugar confectionery","46.36","5","ATECO"
"46.37.0","Commercio all'ingrosso di caffè, tè, cacao e spezie","Wholesale of coffee, tea, cocoa and spices","46.37","5","ATECO"
"46.38.0","Commercio all'ingrosso di altri prodotti alimentari","Wholesale of other food","46.38","5","ATECO"
"46.39.0","Commercio all'ingrosso non specializzato di prodotti alimentari, bevande e tabacchi","Non-specialised wholesale of food, beverages and tobacco","46.39","5","ATECO"
"46.41.1","Commercio all'ingrosso di tessuti","Wholesale of fabrics","46.41","5","ATECO"
"46.41.2","Commercio all'ingrosso di filati e articoli di merceria","Wholesale of yarn and haberdashery","46.41","5","ATECO"
"46.41.9","Commercio all'ingrosso di altri prodotti tessili","Wholesale of other textiles","46.41","5","ATECO"
"46.42.1","Commercio all'ingrosso di abbigliamento e di accessori per l'abbigliamento","Wholesale of clothing and clothing accessories","46.42","5","ATECO"
"46.42.2","Commercio all'ingrosso di articoli in pelliccia","Wholesale of fur articles","46.42","5","ATECO"
"46.42.3","Commercio all'ingrosso di calzature","Wholesale of footwear","46.42","5","ATECO"
"46.43.1","Commercio all'ingrosso di articoli per fotografia e ottica","Wholesale of photographic and optical goods","46.43","5","ATECO"
"46.43.2","Commercio all'ingrosso di apparecchiature radiotelevisive","Wholesale of radio and television equipment","46.43","5","ATECO"
"46.43.3","Commercio all'ingrosso di altri elettrodomestici","Wholesale of other electrical household appliances","46.43","5","ATECO"
"46.44.1","Commercio all'ingrosso di articoli di porcellana","Wholesale of chinaware","46.44","5","ATECO"
"46.44.2","Commercio all'ingrosso di articoli di vetro","Wholesale of glassware","46.44","5","ATECO"
"46.44.3","Commercio all'ingrosso di altri utensili per la casa, stoviglie e vasellame","Wholesale of other household utensils, crockery and pottery","46.44","5","ATECO"
"46.44.4","Commercio all'ingrosso di prodotti per la pulizia","Wholesale of cleaning materials","46.44","5","ATECO"
"46.45.0","Commercio all'ingrosso di profumi e cosmetici","Wholesale of perfume and cosmetics","46.45","5","ATECO"
"46.46.1","Commercio all'ingrosso di prodotti farmaceutici di base e di preparati farmaceutici","Wholesale of basic pharmaceutical products and pharmaceutical preparations","46.46","5","ATECO"
"46.46.2","Commercio all'ingrosso di rimedi erboristici","Wholesale of herbal remedies","46.46","5","ATECO"
"46.46.3","Commercio all'ingrosso di prodotti medicali e ortopedici","Wholesale of medical and orthopaedic goods","46.46","5","ATECO"
"46.47.1","Commercio all'ingrosso di mobili per la casa, l'ufficio e i negozi","Wholesale of household, office and shop furniture","46.47","5","ATECO"
"46.47.2","Commercio all'ingrosso di tappeti per la casa, l'ufficio e i negozi","Wholesale of household, office and shop carpets","46.47","5","ATECO"
"46.47.3","Commercio all'ingrosso di articoli per l'illuminazione per la casa, l'ufficio e i negozi","Wholesale of household, office and shop lighting equipment","46.47","5","ATECO"
"46.48.0","Commercio all'ingrosso di orologi e di gioielleria","Wholesale of watches and jewellery","46.48","5","ATECO"
"46.49.1","Commercio all'ingrosso di carta, cartone e articoli di cartoleria","Wholesale of paper, paperboard and stationery","46.49","5","ATECO"
"46.49.2","Commercio all'ingrosso di libri, riviste e giornali","Wholesale of books, magazines and newspapers","46.49","5","ATECO"
"46.49.3","Commercio all'ingrosso di giochi, giocattoli e attrezzature per bambini","Wholesale of games, toys and baby equipment","46.49","5","ATECO"
"46.49.4","Commercio all'ingrosso di biciclette e altre attrezzature e articoli sportivi","Wholesale of bicycles and other sports goods","46.49","5","ATECO"
"46.49.5","Commercio all'ingrosso di articoli in pelle e articoli da viaggio","Wholesale of leather goods and travel accessories","46.49","5","ATECO"
"46.49.9","Commercio all'ingrosso di altri beni di consumo n.c.a.","Wholesale of other household goods n.e.c.","46.49","5","ATECO"
"46.50.1","Commercio all'ingrosso di computer, unità periferiche e software","Wholesale of computers, computer peripheral equipment and software","46.50","5","ATECO"
"46.50.2","Commercio all'ingrosso di apparecchiature per telecomunicazioni","Wholesale of telephone and communication equipment","46.50","5","ATECO"
"46.50.3","Commercio all'ingrosso di altre macchine e attrezzature per ufficio","Wholesale of other office machinery and equipment","46.50","5","ATECO"
"46.61.0","Commercio all'ingrosso di macchinari, attrezzature e forniture agricole","Wholesale of agricultural machinery, equipment and supplies","46.61","5","ATECO"
"46.62.0","Commercio all'ingrosso di macchine utensili","Wholesale of machine tools","46.62","5","ATECO"
"46.63.0","Commercio all'ingrosso di macchinari per l'estrazione, l'edilizia e l'ingegneria civile","Wholesale of mining, construction and civil engineering machinery","46.63","5","ATECO"
"46.64.1","Commercio all'ingrosso di mezzi di trasporto","Wholesale of transport equipment","46.64","5","ATECO"
"46.64.2","Commercio all'ingrosso di materiale elettrico per impianti industriali","Wholesale of electrical equipment for industrial installations","46.64","5","ATECO"
"46.64.3","Commercio all'ingrosso di attrezzature per parrucchieri, palestre, solarium e centri estetici","Wholesale of equipment for hairdressers, gyms, solariums and beauty centres","46.64","5","ATECO"
"46.64.4","Commercio all'ingrosso di macchine tessili, per la lavorazione delle pelli e del cuoio, per lavanderie e stirerie","Wholesale of textile, leather and laundry machinery","46.64","5","ATECO"
"46.64.5","Commercio all'ingrosso di macchinari per l'industria alimentare e delle bevande","Wholesale of machinery for the food and beverages industry","46.64","5","ATECO"
"46.64.6","Commercio all'ingrosso di macchinari e attrezzature per la pulizia","Wholesale of cleaning machines","46.64","5","ATECO"
"46.64.9","Commercio all'ingrosso di altri macchinari e attrezzature n.c.a.","Wholesale of other machinery and equipment n.e.c.","46.64","5","ATECO"
"46.71.1","Commercio all'ingrosso di automobili e autoveicoli leggeri","Wholesale of cars and light motor vehicles","46.71","5","ATECO"
"46.71.2","Commercio all'ingrosso di altri autoveicoli","Wholesale of other motor vehicles","46.71","5","ATECO"
"46.72.0","Commercio all'ingrosso di parti e accessori di autoveicoli","Wholesale of motor vehicle parts and accessories","46.72","5","ATECO"
"46.73.1","Commercio all'ingrosso di motocicli","Wholesale of motorcycles","46.73","5","ATECO"
"46.73.2","Commercio all'ingrosso di parti e accessori di motocicli","Wholesale of motorcycles parts and accessories","46.73","5","ATECO"
"46.81.0","Commercio all'ingrosso di combustibili solidi, liquidi, gassosi e di prodotti derivati","Wholesale of solid, liquid and gaseous fuels and related products","46.81","5","ATECO"
"46.82.1","Commercio all'ingrosso di metalli e minerali metalliferi ferrosi","Wholesale of ferrous metals and ferrous metal ores","46.82","5","ATECO"
"46.82.2","Commercio all'ingrosso di metalli e minerali metalliferi non ferrosi","Wholesale of non-ferrous metals and non-ferrous metal ores","46.82","5","ATECO"
"46.83.1","Commercio all'ingrosso di legname","Wholesale of wood","46.83","5","ATECO"
"46.83.2","Commercio all'ingrosso di materiali da costruzione","Wholesale of construction materials","46.83","5","ATECO"
"46.83.3","Commercio all'ingrosso di articoli igienico-sanitari","Wholesale of sanitary equipment","46.83","5","ATECO"
"46.84.1","Commercio all'ingrosso di ferramenta","Wholesale of hardware equipment and supplies","46.84","5","ATECO"
"46.84.2","Commercio all'ingrosso di apparecchi e accessori per impianti idraulici e di riscaldamento","Wholesale of plumbing and heating equipment and supplies","46.84","5","ATECO"
"46.85.0","Commercio all'ingrosso di prodotti chimici","Wholesale of chemical products","46.85","5","ATECO"
"46.86.1","Commercio all'ingrosso di materie plastiche in forme primarie e gomma","Wholesale of plastic materials in primary forms and rubber","46.86","5","ATECO"
"46.86.2","Commercio all'ingrosso di fibre tessili","Wholesale of textile fibres","46.86","5","ATECO"
"46.86.3","Commercio all'ingrosso di articoli per imballaggio","Wholesale of packaging articles","46.86","5","ATECO"
"46.86.9","Commercio all'ingrosso di altri prodotti intermedi n.c.a.","Wholesale of other intermediate products n.e.c.","46.86","5","ATECO"
"46.87.1","Commercio all'ingrosso di rottami e cascami metallici","Wholesale of metal waste and scrap","46.87","5","ATECO"
"46.87.9","Commercio all'ingrosso di altri rottami e cascami","Wholesale of other waste and scrap","46.87","5","ATECO"
"46.89.0","Commercio all'ingrosso specializzato di altri prodotti n.c.a.","Other specialised wholesale n.e.c.","46.89","5","ATECO"
"46.90.0","Commercio all'ingrosso non specializzato","Non-specialised wholesale trade","46.90","5","ATECO"
"47.11.0","Commercio al dettaglio non specializzato con prevalenza di prodotti alimentari, bevande o tabacchi","Non-specialised retail sale of predominately food, beverages or tobacco","47.11","5","ATECO"
"47.12.1","Commercio al dettaglio non specializzato con prevalenza di apparecchiature informatiche ed elettrodomestici","Non-specialised retail sale of predominately information equipment and electrical household appliances","47.12","5","ATECO"
"47.12.2","Commercio al dettaglio non specializzato con prevalenza di mobili e articoli per uso domestico","Non-specialised retail sale of predominately furniture and household goods","47.12","5","ATECO"
"47.12.3","Commercio al dettaglio non specializzato con prevalenza di ferramenta, materiali da costruzione e piante","Non-specialised retail sale of predominately hardware, building materials and plants","47.12","5","ATECO"
"47.12.4","Commercio al dettaglio non specializzato con prevalenza di cosmetici, articoli di profumeria e detersivi, articoli di cancelleria e giochi","Non-specialised retail sale of predominately cosmetic articles, toilet articles and detergents, stationery and games","47.12","5","ATECO"
"47.12.5","Commercio al dettaglio non specializzato con prevalenza di articoli di abbigliamento e calzature","Non-specialised retail sale of predominately clothing and footwear","47.12","5","ATECO"
"47.12.9","Commercio al dettaglio non specializzato di altri prodotti n.c.a.","Other non-specialised retail sale n.e.c.","47.12","5","ATECO"
"47.21.0","Commercio al dettaglio di frutta e verdura","Retail sale of fruit and vegetables","47.21","5","ATECO"
"47.22.0","Commercio al dettaglio di carne e di prodotti a base di carne","Retail sale of meat and meat products","47.22","5","ATECO"
"47.23.0","Commercio al dettaglio di pesce, crostacei e molluschi","Retail sale of fish, crustaceans and molluscs","47.23","5","ATECO"
"47.24.1","Commercio al dettaglio di pane","Retail sale of bread","47.24","5","ATECO"
"47.24.2","Commercio al dettaglio di pasticceria e dolciumi","Retail sale of cake and confectionery","47.24","5","ATECO"
"47.25.0","Commercio al dettaglio di bevande","Retail sale of beverages","47.25","5","ATECO"
"47.26.0","Commercio al dettaglio di prodotti del tabacco","Retail sale of tobacco products","47.26","5","ATECO"
"47.27.1","Commercio al dettaglio di latte e prodotti lattiero-caseari","Retail sale of milk and dairy products","47.27","5","ATECO"
"47.27.2","Commercio al dettaglio di caffè","Retail sale of coffee","47.27","5","ATECO"
"47.27.3","Commercio al dettaglio di integratori alimentari e prodotti dietetici","Retail sale of food supplements and dietetic products","47.27","5","ATECO"
"47.27.9","Commercio al dettaglio di altri prodotti alimentari n.c.a.","Retail sale of other food n.e.c.","47.27","5","ATECO"
"47.30.0","Commercio al dettaglio di carburanti per autotrazione","Retail sale of automotive fuel","47.30","5","ATECO"
"47.40.1","Commercio al dettaglio di computer, unità periferiche e software","Retail sale of computers, peripheral equipment and software","47.40","5","ATECO"
"47.40.2","Commercio al dettaglio di apparecchiature per telecomunicazioni","Retail sale of telephone and communication equipment","47.40","5","ATECO"
"47.40.3","Commercio al dettaglio di apparecchiature radiotelevisive","Retail sale of audio and video equipment","47.40","5","ATECO"
"47.51.1","Commercio al dettaglio di tessuti per abbigliamento e arredamento","Retail sale of apparel and furnishing type fabrics","47.51","5","ATECO"
"47.51.2","Commercio al dettaglio di filati per maglieria e merceria","Retail sale of yarn and haberdashery","47.51","5","ATECO"
"47.52.1","Commercio al dettaglio di ferramenta, vernici, vetro e materiale elettrico e termoidraulico","Retail sale of hardware, paints, glass, electrical and plumbing material and equipment","47.52","5","ATECO"
"47.52.2","Commercio al dettaglio di articoli igienico-sanitari e per riscaldamento","Retail sale of sanitary and heating equipment","47.52","5","ATECO"
"47.52.3","Commercio al dettaglio di altri materiali da costruzione, mattoni e piastrelle","Retail sale of other building material, bricks and tiles","47.52","5","ATECO"
"47.52.4","Commercio al dettaglio di attrezzature per il giardinaggio e la paesaggistica","Retail sale of garden and landscaping equipment","47.52","5","ATECO"
"47.53.1","Commercio al dettaglio di tappeti e tende","Retail sale of carpets, rugs and curtains","47.53","5","ATECO"
"47.53.2","Commercio al dettaglio di rivestimenti per pareti e pavimenti","Retail sale of wall and floor coverings","47.53","5","ATECO"
"47.54.0","Commercio al dettaglio di elettrodomestici","Retail sale of electrical household appliances","47.54","5","ATECO"
"47.55.1","Commercio al dettaglio di mobili per la casa","Retail sale of household furniture","47.55","5","ATECO"
"47.55.2","Commercio al dettaglio di altri mobili","Retail sale of other furniture","47.55","5","ATECO"
"47.55.3","Commercio al dettaglio di articoli per l'illuminazione","Retail sale of lighting equipment","47.55","5","ATECO"
"47.55.4","Commercio al dettaglio di articoli per la tavola e la cucina","Retail sale of tableware and kitchenware","47.55","5","ATECO"
"47.55.9","Commercio al dettaglio di attrezzature per bambini e altri articoli per la casa","Retail sale of baby equipment and other household goods","47.55","5","ATECO"
"47.61.0","Commercio al dettaglio di libri","Retail sale of books","47.61","5","ATECO"
"47.62.1","Commercio al dettaglio di giornali e altre pubblicazioni periodiche","Retail sale of newspapers, and other periodical publications","47.62","5","ATECO"
"47.62.2","Commercio al dettaglio di articoli di cancelleria","Retail sale of stationery","47.62","5","ATECO"
"47.63.1","Commercio al dettaglio di imbarcazioni","Retail sale of boats","47.63","5","ATECO"
"47.63.2","Commercio al dettaglio di biciclette e altre attrezzature sportive","Retail of bicycles and other sporting equipment","47.63","5","ATECO"
"47.64.0","Commercio al dettaglio di giochi e giocattoli","Retail sale of games and toys","47.64","5","ATECO"
"47.69.1","Commercio al dettaglio di supporti registrati e strumenti musicali","Retail sale of recorded media and musical instruments","47.69","5","ATECO"
"47.69.2","Commercio al dettaglio di articoli di filatelia, numismatica e da collezionismo","Retail sale of philately, numismatics and collectors' items","47.69","5","ATECO"
"47.69.3","Commercio al dettaglio di articoli per disegno, pittura e scultura","Retail sale of art supplies","47.69","5","ATECO"
"47.69.9","Commercio al dettaglio di altri articoli culturali e ricreativi n.c.a.","Retail sale of other cultural and recreational goods n.e.c.","47.69","5","ATECO"
"47.71.1","Commercio al dettaglio di articoli di abbigliamento per adulti","Retail sale of clothing for adults","47.71","5","ATECO"
"47.71.2","Commercio al dettaglio di articoli di abbigliamento per neonati e bambini","Retail sale of clothing for babies and children","47.71","5","ATECO"
"47.71.3","Commercio al dettaglio di articoli di biancheria intima","Retail sale of underwear","47.71","5","ATECO"
"47.71.4","Commercio al dettaglio di articoli di abbigliamento in pelle e pelliccia","Retail sale of leather and fur wearing apparel","47.71","5","ATECO"
"47.71.5","Commercio al dettaglio di accessori per l'abbigliamento","Retail sale of clothing accessories","47.71","5","ATECO"
"47.72.1","Commercio al dettaglio di calzature e accessori per calzature","Retail sale of footwear and footwear accessories","47.72","5","ATECO"
"47.72.2","Commercio al dettaglio di articoli in pelle e articoli da viaggio","Retail sale of leather goods and travel accessories","47.72","5","ATECO"
"47.73.1","Commercio al dettaglio di medicinali soggetti a prescrizione medica","Retail sale of pharmaceutical products subject to medical prescription","47.73","5","ATECO"
"47.73.2","Commercio al dettaglio di rimedi erboristici","Retail sale of herbal remedies","47.73","5","ATECO"
"47.73.9","Commercio al dettaglio di altri prodotti farmaceutici","Retail sale of other pharmaceutical products","47.73","5","ATECO"
"47.74.0","Commercio al dettaglio di articoli medicali e ortopedici","Retail sale of medical and orthopaedic goods","47.74","5","ATECO"
"47.75.0","Commercio al dettaglio di cosmetici e di articoli di profumeria","Retail sale of cosmetic and toilet articles","47.75","5","ATECO"
"47.76.1","Commercio al dettaglio di fiori, piante e fertilizzanti","Retail sale of flowers, plants and fertilisers","47.76","5","ATECO"
"47.76.2","Commercio al dettaglio di animali da compagnia e alimenti per animali da compagnia","Retail sale of pets and pet food","47.76","5","ATECO"
"47.77.0","Commercio al dettaglio di orologi e articoli di gioielleria","Retail sale of watches and jewellery","47.77","5","ATECO"
"47.78.1","Commercio al dettaglio di articoli per fotografia e ottica","Retail sale of photographic and optical equipment","47.78","5","ATECO"
"47.78.2","Commercio al dettaglio di souvenir, articoli di artigianato, articoli religiosi, bigiotteria e bomboniere","Retail sale of souvenirs, craftwork, religious articles, imitation jewellery and party favours","47.78","5","ATECO"
"47.78.3","Commercio al dettaglio di combustibile per uso domestico, bombole di gas, carbone e legna da ardere","Retail sale of sources for household heating","47.78","5","ATECO"
"47.78.4","Commercio al dettaglio di prodotti per la pulizia","Retail sale of cleaning products","47.78","5","ATECO"
"47.78.9","Commercio al dettaglio di altri prodotti non di seconda mano n.c.a.","Retail sale of other new goods n.e.c.","47.78","5","ATECO"
"47.79.1","Commercio al dettaglio di libri di seconda mano","Retail sale of second-hand books","47.79","5","ATECO"
"47.79.2","Commercio al dettaglio di oggetti di antiquariato e mobili di seconda mano","Retail sale of antiques and second-hand furniture","47.79","5","ATECO"
"47.79.3","Commercio al dettaglio di articoli di abbigliamento e altri articoli di seconda mano","Retail sale of second-hand clothes and other second-hand goods","47.79","5","ATECO"
"47.81.1","Commercio al dettaglio di automobili e autoveicoli leggeri","Retail sale of cars and light motor vehicles","47.81","5","ATECO"
"47.81.2","Commercio al dettaglio di altri autoveicoli","Retail sale of other motor vehicles","47.81","5","ATECO"
"47.82.0","Commercio al dettaglio di parti e accessori di autoveicoli","Retail sale of motor vehicle parts and accessories","47.82","5","ATECO"
"47.83.1","Commercio al dettaglio di motocicli","Retail sale of motorcycles","47.83","5","ATECO"
"47.83.2","Commercio al dettaglio di parti e accessori di motocicli","Retail sale of motorcycle parts and accessories","47.83","5","ATECO"
"47.91.1","Attività di servizi di intermediazione per il commercio al dettaglio non specializzato di articoli di seconda mano","Intermediation service activities for non-specialised retail sale of second-hand goods","47.91","5","ATECO"
"47.91.2","Attività di servizi di intermediazione per il commercio al dettaglio non specializzato di prodotti nuovi","Intermediation service activities for non-specialised retail sale of new goods","47.91","5","ATECO"
"47.92.1","Attività di servizi di intermediazione per il commercio al dettaglio specializzato di prodotti alimentari e bevande","Intermediation service activities for specialised retail sale of food and beverages","47.92","5","ATECO"
"47.92.2","Attività di servizi di intermediazione per il commercio al dettaglio specializzato di articoli di seconda mano","Intermediation service activities for specialised retail sale of second-hand goods","47.92","5","ATECO"
"47.92.3","Attività di servizi di intermediazione per il commercio al dettaglio specializzato di prodotti nuovi","Intermediation service activities for specialised retail sale of new goods","47.92","5","ATECO"
"49.11.0","Trasporto di passeggeri su ferrovia pesante","Passenger heavy rail transport","49.11","5","ATECO"
"49.12.0","Altri trasporti ferroviari di passeggeri","Other passenger rail transport","49.12","5","ATECO"
"49.20.0","Trasporto ferroviario di merci","Freight rail transport","49.20","5","ATECO"
"49.31.0","Trasporto di linea di passeggeri su strada","Scheduled passenger transport by road","49.31","5","ATECO"
"49.32.0","Trasporto non di linea di passeggeri su strada","Non-scheduled passenger transport by road","49.32","5","ATECO"
"49.33.1","Trasporto su taxi","Taxi services","49.33","5","ATECO"
"49.33.2","Trasporto su veicoli a noleggio con conducente","Private hire vehicles with driver","49.33","5","ATECO"
"49.34.0","Trasporto di passeggeri mediante funivie e sciovie","Passenger transport by cableways and ski lifts","49.34","5","ATECO"
"49.39.0","Altri trasporti terrestri di passeggeri n.c.a.","Other passenger land transport n.e.c.","49.39","5","ATECO"
"49.41.0","Trasporto di merci su strada","Freight transport by road","49.41","5","ATECO"
"49.42.0","Servizi di trasloco","Removal services","49.42","5","ATECO"
"49.50.1","Trasporto mediante condotte di gas","Transport of gases via pipeline","49.50","5","ATECO"
"49.50.2","Trasporto mediante condotte di liquidi","Transport of liquids via pipeline","49.50","5","ATECO"
"50.10.0","Trasporto marittimo e costiero di passeggeri","Sea and coastal passenger water transport","50.10","5","ATECO"
"50.20.0","Trasporto marittimo e costiero di merci","Sea and coastal freight water transport","50.20","5","ATECO"
"50.30.0","Trasporto per vie d'acqua interne di passeggeri","Inland passenger water transport","50.30","5","ATECO"
"50.40.0","Trasporto per vie d'acqua interne di merci","Inland freight water transport","50.40","5","ATECO"
"51.10.1","Trasporto aereo di linea di passeggeri","Scheduled air transport of passengers","51.10","5","ATECO"
"51.10.2","Trasporto aereo non di linea di passeggeri","Non-scheduled air transport of passengers","51.10","5","ATECO"
"51.21.0","Trasporto aereo di merci","Freight air transport","51.21","5","ATECO"
"51.22.0","Trasporto spaziale","Space transport","51.22","5","ATECO"
"52.10.1","Magazzinaggio e deposito non refrigerato","Operation of non-refrigerated storage and warehouse facilities","52.10","5","ATECO"
"52.10.2","Magazzinaggio e deposito refrigerato","Operation of refrigerated warehouses and cool stores","52.10","5","ATECO"
"52.21.1","Gestione di infrastrutture ferroviarie","Operation of railroad infrastructure and rail related facilities","52.21","5","ATECO"
"52.21.2","Gestione e manutenzione di strade","Operation and maintenance of roads","52.21","5","ATECO"
"52.21.3","Gestione di stazioni per autobus","Operation of bus stations","52.21","5","ATECO"
"52.21.4","Gestione di centri di movimentazione merci","Operation of stations for the handling of goods","52.21","5","ATECO"
"52.21.5","Gestione di parcheggi e autorimesse","Operation of parking lots and garages","52.21","5","ATECO"
"52.21.6","Attività di traino e soccorso stradale","Towing and roadside assistance","52.21","5","ATECO"
"52.21.9","Altri servizi di supporto al trasporto terrestre","Other service activities incidental to land transportation","52.21","5","ATECO"
"52.22.0","Servizi di supporto al trasporto marittimo e per vie d'acqua interne","Service activities incidental to water transportation","52.22","5","ATECO"
"52.23.0","Servizi di supporto al trasporto aereo","Service activities incidental to air transportation","52.23","5","ATECO"
"52.24.1","Movimentazione merci relativa a trasporti aerei","Cargo handling incidental to air transportation","52.24","5","ATECO"
"52.24.2","Movimentazione merci relativa a trasporti marittimi e per vie d'acqua interne","Cargo handling incidental to water transportation","52.24","5","ATECO"
"52.24.3","Movimentazione merci relativa a trasporti ferroviari","Cargo handling incidental to rail transportation","52.24","5","ATECO"
"52.24.4","Movimentazione merci relativa ad altri trasporti terrestri","Cargo handling incidental to other land transportation","52.24","5","ATECO"
"52.25.0","Servizi di logistica","Logistics service activities","52.25","5","ATECO"
"52.26.0","Altre attività di supporto ai trasporti","Other support activities for transportation","52.26","5","ATECO"
"52.31.0","Attività di servizi di intermediazione per il trasporto di merci","Intermediation service activities for freight transportation","52.31","5","ATECO"
"52.32.0","Attività di servizi di intermediazione per il trasporto di passeggeri","Intermediation service activities for passenger transportation","52.32","5","ATECO"
"53.10.0","Attività postali con obbligo di servizio universale","Postal activities under universal service obligation","53.10","5","ATECO"
"53.20.0","Altre attività postali e di corriere","Other postal and courier activities","53.20","5","ATECO"
"53.30.0","Attività di servizi di intermediazione per attività postali e di corriere","Intermediation service activities for postal and courier activities","53.30","5","ATECO"
"55.10.0","Servizi di alloggio di alberghi e simili","Hotels and similar accommodation","55.10","5","ATECO"
"55.20.1","Ostelli","Accommodation in hostels","55.20","5","ATECO"
"55.20.2","Rifugi e baite di montagna","Accommodation in mountain huts and lodges","55.20","5","ATECO"
"55.20.3","Case religiose e sociali di ospitalità","Religious and social accommodation","55.20","5","ATECO"
"55.20.4","Bed and breakfast, servizi di alloggio in camere, case e appartamenti per vacanze","Bed and breakfast units, guest rooms, holiday homes and apartments","55.20","5","ATECO"
"55.20.5","Servizi di alloggio in aziende agricole e ittiche","Accommodation on farms and fish farms","55.20","5","ATECO"
"55.30.0","Servizi di aree di campeggio e aree attrezzate per veicoli ricreazionali","Camping grounds and recreational vehicle parks","55.30","5","ATECO"
"55.40.0","Attività di servizi di intermediazione per servizi di alloggio","Intermediation service activities for accommodation","55.40","5","ATECO"
"55.90.0","Altri servizi di alloggio","Other accommodation","55.90","5","ATECO"
"56.11.1","Attività di ristoranti, escluse gelaterie e pasticcerie","Restaurants, other than ice cream parlours and pastry shops","56.11","5","ATECO"
"56.11.2","Attività di gelaterie e pasticcerie","Ice cream parlours and pastry shops","56.11","5","ATECO"
"56.11.9","Attività di ristoranti n.c.a.","Restaurant activities n.e.c.","56.11","5","ATECO"
"56.12.0","Attività di servizi di ristorazione mobile","Mobile food service activities","56.12","5","ATECO"
"56.21.0","Attività di catering per eventi","Event catering activities","56.21","5","ATECO"
"56.22.0","Attività di servizi di catering su base contrattuale e altri servizi di ristorazione","Contract catering service activities and other food service activities","56.22","5","ATECO"
"56.30.0","Attività di somministrazione di bevande","Beverage serving activities","56.30","5","ATECO"
"56.40.0","Attività di servizi di intermediazione per servizi di ristorazione","Intermediation service activities for food and beverage services activities","56.40","5","ATECO"
"58.11.0","Edizione di libri","Publishing of books","58.11","5","ATECO"
"58.12.0","Edizione di quotidiani","Publishing of newspapers","58.12","5","ATECO"
"58.13.0","Edizione di riviste e periodici","Publishing of journals and periodicals","58.13","5","ATECO"
"58.19.0","Altre attività editoriali, esclusa l'edizione di software","Other publishing activities, except software publishing","58.19","5","ATECO"
"58.21.0","Edizione di videogiochi","Publishing of video games","58.21","5","ATECO"
"58.29.0","Edizione di altri software","Other software publishing","58.29","5","ATECO"
"59.11.0","Attività di produzione cinematografica, di video e programmi televisivi","Motion picture, video and television programme production activities","59.11","5","ATECO"
"59.12.0","Attività di post-produzione cinematografica, di video e programmi televisivi","Motion picture, video and television programme post-production activities","59.12","5","ATECO"
"59.13.0","Attività di distribuzione cinematografica, di video e programmi televisivi","Motion picture and video distribution activities","59.13","5","ATECO"
"59.14.0","Attività di proiezione cinematografica","Motion picture projection activities","59.14","5","ATECO"
"59.20.1","Attività di registrazione sonora","Sound recording activities","59.20","5","ATECO"
"59.20.2","Editoria musicale","Music publishing activities","59.20","5","ATECO"
"60.10.0","Attività di trasmissione radiofonica e distribuzione di audio","Radio broadcasting and audio distribution activities","60.10","5","ATECO"
"60.20.0","Attività di programmazione e trasmissione televisive e di distribuzione di video","Television programming, broadcasting and video distribution activities","60.20","5","ATECO"
"60.31.0","Attività delle agenzie di stampa","News agency activities","60.31","5","ATECO"
"60.39.0","Altre attività di distribuzione di contenuti","Other content distribution activities","60.39","5","ATECO"
"61.10.0","Attività di telecomunicazioni fisse, mobili e satellitari","Wired, wireless, and satellite telecommunication activities","61.10","5","ATECO"
"61.20.0","Attività di rivendita di telecomunicazioni e attività di servizi di intermediazione per telecomunicazioni","Telecommunication reselling activities and intermediation service activities for telecommunication","61.20","5","ATECO"
"61.90.1","Erogazione di servizi di accesso a Internet","Provision of internet access","61.90","5","ATECO"
"61.90.2","Erogazione di servizi di messaggistica e di notifica","Provision of text messaging and notification services","61.90","5","ATECO"
"61.90.9","Altre attività di telecomunicazioni n.c.a.","Other telecommunication activities n.e.c.","61.90","5","ATECO"
"62.10.0","Attività di programmazione informatica","Computer programming activities","62.10","5","ATECO"
"62.20.1","Attività di consulenza informatica","Computer consultancy","62.20","5","ATECO"
"62.20.2","Attività di gestione di strutture informatiche","Computer facilities management activities","62.20","5","ATECO"
"62.90.0","Altre attività dei servizi connessi alle tecnologie dell'informazione e dell'informatica","Other information technology and computer service activities","62.90","5","ATECO"
"63.10.1","Fornitura di infrastrutture informatiche, hosting e attività connesse","Computing infrastructure, hosting and related activities","63.10","5","ATECO"
"63.10.2","Elaborazione dati","Data processing","63.10","5","ATECO"
"63.91.0","Attività dei portali di ricerca sul web","Web search portal activities","63.91","5","ATECO"
"63.92.0","Altre attività dei servizi di informazione","Other information service activities","63.92","5","ATECO"
"64.11.0","Attività delle banche centrali","Central banking","64.11","5","ATECO"
"64.19.1","Altre intermediazioni monetarie fornite da istituti monetari diversi dalla banca centrale","Other monetary intermediation provided by monetary institutions other than central banks","64.19","5","ATECO"
"64.19.2","Altre intermediazioni monetarie fornite da istituti di moneta elettronica","Other monetary intermediation provided by electronic money issuers","64.19","5","ATECO"
"64.19.3","Altre intermediazioni monetarie fornite da Cassa Depositi e Prestiti (CDP)","Other monetary intermediation provided by Cassa Depositi e Prestiti (CDP)","64.19","5","ATECO"
"64.21.0","Attività delle società di partecipazione (holding)","Activities of holding companies","64.21","5","ATECO"
"64.22.0","Attività dei conduit di finanziamento","Activities of financing conduits","64.22","5","ATECO"
"64.31.0","Attività dei fondi di investimento del mercato monetario e del mercato non monetario","Activities of money market and non-money market investments funds","64.31","5","ATECO"
"64.32.0","Attività di conti fiduciari, per la gestione dell'eredità e di agenzia","Activities of trust, estate and agency accounts","64.32","5","ATECO"
"64.91.0","Leasing finanziario","Financial leasing","64.91","5","ATECO"
"64.92.1","Attività di factoring","Factoring activities","64.92","5","ATECO"
"64.92.9","Altre attività di concessione del credito n.c.a.","Other credit granting n.e.c.","64.92","5","ATECO"
"64.99.0","Altre attività di servizi finanziari, ad esclusione di assicurazioni e fondi pensione n.c.a.","Other financial service activities, except insurance and pension funding n.e.c.","64.99","5","ATECO"
"65.11.0","Assicurazioni sulla vita","Life insurance","65.11","5","ATECO"
"65.12.0","Assicurazioni diverse da quelle sulla vita","Non-life insurance","65.12","5","ATECO"
"65.20.0","Riassicurazioni","Reinsurance","65.20","5","ATECO"
"65.30.0","Fondi pensione","Pension funding","65.30","5","ATECO"
"66.11.0","Amministrazione di mercati finanziari","Administration of financial markets","66.11","5","ATECO"
"66.12.0","Attività di negoziazione di contratti relativi a titoli e merci","Security and commodity contracts brokerage","66.12","5","ATECO"
"66.19.1","Attività di elaborazione e liquidazione delle transazioni finanziarie tramite carta di credito","Financial transaction processing and settlement activities","66.19","5","ATECO"
"66.19.2","Attività di consulenza finanziaria","Financial advisory activities","66.19","5","ATECO"
"66.19.9","Altre attività ausiliarie dei servizi finanziari n.c.a., escluse assicurazioni e fondi pensione","Other activities auxiliary to financial services n.e.c., except insurance and pension funding","66.19","5","ATECO"
"66.21.0","Valutazione dei rischi e dei danni","Risk and damage evaluation","66.21","5","ATECO"
"66.22.0","Attività di agenti e intermediari delle assicurazioni","Activities of insurance agents and brokers","66.22","5","ATECO"
"66.29.0","Attività ausiliarie delle assicurazioni e dei fondi pensione n.c.a.","Activities auxiliary to insurance and pension funding n.e.c.","66.29","5","ATECO"
"66.30.0","Attività di gestione di fondi","Fund management activities","66.30","5","ATECO"
"68.11.0","Compravendita di beni immobili effettuata su beni propri","Buying and selling of own real estate","68.11","5","ATECO"
"68.12.0","Sviluppo di progetti immobiliari","Development of building projects","68.12","5","ATECO"
"68.20.0","Affitto e gestione di beni immobili propri o in locazione","Rental and operating of own or leased real estate","68.20","5","ATECO"
"68.31.0","Attività di servizi di intermediazione per attività immobiliari","Intermediation service activities for real estate activities","68.31","5","ATECO"
"68.32.0","Altre attività immobiliari per conto terzi","Other real estate activities on a fee or contract basis","68.32","5","ATECO"
"69.10.1","Attività legali e giuridiche","Legal advice and representation activities","69.10","5","ATECO"
"69.10.2","Attività notarili","Notarial activities","69.10","5","ATECO"
"69.10.3","Attività di supporto alle attività legali, giuridiche e notarili","Support activities for legal activities","69.10","5","ATECO"
"69.20.0","Attività di contabilità, controllo e revisione contabile; consulenza fiscale","Accounting, bookkeeping and auditing activities; tax consultancy","69.20","5","ATECO"
"70.10.0","Attività di sedi centrali","Activities of head offices","70.10","5","ATECO"
"70.20.0","Consulenza imprenditoriale e altre attività di consulenza gestionale","Business and other management consultancy activities","70.20","5","ATECO"
"71.11.0","Attività di architettura","Architectural activities","71.11","5","ATECO"
"71.12.1","Attività di ingegneria","Engineering activities","71.12","5","ATECO"
"71.12.2","Gestione di progetti relativi a opere di ingegneria integrata","Project management activities related to integrated engineering","71.12","5","ATECO"
"71.12.3","Elaborazione e supervisione di progetti da parte di geometri","Technical consulting provided by surveyors","71.12","5","ATECO"
"71.12.4","Attività di cartografia e aerofotogrammetria","Cartographic and aerophotogrammetric activities","71.12","5","ATECO"
"71.12.5","Attività di geologia, di prospezione geognostica e mineraria","Geophysical and geodetic surveying activities","71.12","5","ATECO"
"71.20.1","Collaudi e analisi tecniche di prodotti","Analytical testing of materials and products","71.20","5","ATECO"
"71.20.2","Attività di controllo di qualità e certificazione di prodotti","Quality assessment and certification of products","71.20","5","ATECO"
"72.10.1","Ricerca e sviluppo sperimentale nel campo delle biotecnologie","Research and experimental development on biotechnology","72.10","5","ATECO"
"72.10.2","Ricerca e sviluppo sperimentale nel campo delle altre scienze naturali e dell'ingegneria","Other research and experimental development on natural sciences and engineering","72.10","5","ATECO"
"72.20.0","Ricerca e sviluppo sperimentale nel campo delle scienze sociali e umanistiche","Research and experimental development on social sciences and humanities","72.20","5","ATECO"
"73.11.0","Attività di agenzie pubblicitarie","Activities of advertising agencies","73.11","5","ATECO"
"73.12.0","Attività di concessionarie pubblicitarie","Media representation","73.12","5","ATECO"
"73.20.0","Ricerche di mercato e sondaggi di opinione","Market research and public opinion polling","73.20","5","ATECO"
"73.30.0","Pubbliche relazioni e comunicazione","Public relations and communication activities","73.30","5","ATECO"
"74.11.1","Attività di progettazione di prodotti industriali","Industrial product design activities","74.11","5","ATECO"
"74.11.2","Attività di progettazione di moda","Fashion design activities","74.11","5","ATECO"
"74.12.0","Attività di progettazione grafica e di comunicazione visiva","Graphic design and visual communication activities","74.12","5","ATECO"
"74.13.0","Attività di progettazione di interni","Interior design activities","74.13","5","ATECO"
"74.14.0","Altre attività di progettazione specializzata","Other specialised design activities","74.14","5","ATECO"
"74.20.1","Attività fotografiche specializzate","Specialised photographic activities","74.20","5","ATECO"
"74.20.2","Attività di sviluppo e stampa e altre attività fotografiche","Photographic processing and other photographic activities","74.20","5","ATECO"
"74.30.0","Attività di traduzione e interpretariato","Translation and interpretation activities","74.30","5","ATECO"
"74.91.0","Attività di servizi di intermediazione e marketing di brevetti","Patent brokering and marketing service activities","74.91","5","ATECO"
"74.99.1","Attività di consulenza agraria","Agricultural consulting activities","74.99","5","ATECO"
"74.99.2","Attività di consulenza in materia di sicurezza","Security consulting activities","74.99","5","ATECO"
"74.99.3","Attività di consulenza ambientale e di risparmio energetico","Environmental consulting and energy saving advice activities","74.99","5","ATECO"
"74.99.4","Attività di consulenza in enogastronomia","Consulting activities in enogastronomy (wine and food)","74.99","5","ATECO"
"74.99.9","Altre attività varie professionali, scientifiche e tecniche n.c.a.","Other various professional, scientific and technical activities n.e.c.","74.99","5","ATECO"
"75.00.0","Servizi veterinari","Veterinary activities","75.00","5","ATECO"
"77.11.0","Noleggio e leasing operativo di automobili e autoveicoli leggeri","Rental and leasing of cars and light motor vehicles","77.11","5","ATECO"
"77.12.0","Noleggio e leasing operativo di autocarri","Rental and leasing of trucks","77.12","5","ATECO"
"77.21.0","Noleggio e leasing operativo di attrezzature e articoli sportivi e ricreativi","Rental and leasing of recreational and sports goods","77.21","5","ATECO"
"77.22.1","Noleggio e leasing operativo di tessili, articoli di abbigliamento e calzature","Rental and leasing of textiles, wearing apparel and footwear","77.22","5","ATECO"
"77.22.9","Noleggio e leasing operativo di altri beni per uso personale e per la casa n.c.a.","Rental and leasing of other personal and household goods n.e.c.","77.22","5","ATECO"
"77.31.0","Noleggio e leasing operativo di macchine e attrezzature agricole","Rental and leasing of agricultural machinery and equipment","77.31","5","ATECO"
"77.32.0","Noleggio e leasing operativo di macchine e attrezzature per lavori edili e di ingegneria civile","Rental and leasing of construction and civil engineering machinery and equipment","77.32","5","ATECO"
"77.33.0","Noleggio e leasing operativo di macchine, attrezzature e computer per ufficio","Rental and leasing of office machinery, equipment and computers","77.33","5","ATECO"
"77.34.0","Noleggio e leasing operativo di mezzi di trasporto marittimi, fluviali e lacustri","Rental and leasing of water transport equipment","77.34","5","ATECO"
"77.35.0","Noleggio e leasing operativo di mezzi di trasporto aereo","Rental and leasing of air transport equipment","77.35","5","ATECO"
"77.39.1","Noleggio e leasing operativo di altri mezzi di trasporto terrestre","Rental and leasing of other land transport equipment","77.39","5","ATECO"
"77.39.9","Noleggio e leasing operativo di altre macchine, attrezzature e beni materiali n.c.a., esclusi altri mezzi di trasporto terrestre","Rental and leasing of other machinery, equipment and tangible goods n.e.c., other than land transport equipment","77.39","5","ATECO"
"77.40.0","Concessione dei diritti di sfruttamento di proprietà intellettuale, escluse le opere soggette a diritto d'autore","Leasing of intellectual property and similar products, except copyrighted works","77.40","5","ATECO"
"77.51.0","Attività di servizi di intermediazione per il noleggio e il leasing operativo di automobili, autocaravan e rimorchi","Intermediation service activities for rental and leasing of cars, motorhomes and trailers","77.51","5","ATECO"
"77.52.0","Attività di servizi di intermediazione per il noleggio e il leasing operativo di altri beni materiali e beni immateriali non finanziari","Intermediation service activities for rental and leasing of other tangible goods and non-financial intangible assets","77.52","5","ATECO"
"78.10.0","Attività di agenzie di collocamento","Activities of employment placement agencies","78.10","5","ATECO"
"78.20.0","Attività di agenzie di lavoro interinale e altre attività di fornitura di risorse umane","Temporary employment agency activities and other human resource provisions","78.20","5","ATECO"
"79.11.0","Attività di agenzie di viaggio","Travel agency activities","79.11","5","ATECO"
"79.12.0","Attività di tour operator","Tour operator activities","79.12","5","ATECO"
"79.90.0","Altri servizi di prenotazione e attività connesse","Other reservation service and related activities","79.90","5","ATECO"
"80.01.1","Attività di investigazione","Investigation activities","80.01","5","ATECO"
"80.01.2","Attività di vigilanza privata","Private security activities","80.01","5","ATECO"
"80.09.0","Attività di vigilanza n.c.a.","Security activities n.e.c.","80.09","5","ATECO"
"81.10.0","Attività di servizi integrati agli edifici","Combined facilities support activities","81.10","5","ATECO"
"81.21.0","Attività di pulizia generale di edifici","General cleaning of buildings","81.21","5","ATECO"
"81.22.0","Altre attività di pulizia di edifici e pulizia industriale","Other building and industrial cleaning activities","81.22","5","ATECO"
"81.23.1","Attività di sanificazione, disinfezione e disinfestazione","Sanitising, disinfecting and exterminating activities","81.23","5","ATECO"
"81.23.9","Altre attività di pulizia n.c.a.","Other cleaning activities n.e.c.","81.23","5","ATECO"
"81.30.0","Attività di servizi per la cura del paesaggio","Landscape service activities","81.30","5","ATECO"
"82.10.0","Attività amministrative e di supporto per le funzioni di ufficio","Office administrative and support activities","82.10","5","ATECO"
"82.20.0","Attività dei call center","Activities of call centres","82.20","5","ATECO"
"82.30.0","Organizzazione di convegni e fiere","Organisation of conventions and trade shows","82.30","5","ATECO"
"82.40.0","Attività di servizi di intermediazione per servizi di supporto alle imprese n.c.a.","Intermediation service activities for business support service activities n.e.c.","82.40","5","ATECO"
"82.91.1","Attività di recupero crediti","Activities of collection agencies","82.91","5","ATECO"
"82.91.2","Attività di raccolta e fornitura di informazioni commerciali e di rating","Activities of credit bureaus and rating agencies","82.91","5","ATECO"
"82.92.1","Attività di imballaggio di generi alimentari","Packaging activities of beverages and food","82.92","5","ATECO"
"82.92.2","Attività di imballaggio di generi non alimentari","Packaging activities of other goods","82.92","5","ATECO"
"82.99.1","Richiesta certificati e disbrigo pratiche","Requesting certificates and handling practices","82.99","5","ATECO"
"82.99.9","Altri servizi vari di supporto alle imprese n.c.a.","Other various business support service activities n.e.c.","82.99","5","ATECO"
"84.11.1","Attività degli organi legislativi ed esecutivi e delle amministrazioni centrali e locali","Activities of executive, legislative and fiscal administration of central, regional and local bodies","84.11","5","ATECO"
"84.11.2","Servizi di gestione esattoriale per conto terzi","Tax collection services on behalf of third parties","84.11","5","ATECO"
"84.11.3","Attività di pianificazione generale e servizi statistici generali","Activities of overall planning and statistical services","84.11","5","ATECO"
"84.12.1","Regolamentazione dei servizi di assistenza sanitaria","Regulation of health care services","84.12","5","ATECO"
"84.12.2","Regolamentazione dei servizi di istruzione","Regulation of education services","84.12","5","ATECO"
"84.12.3","Regolamentazione dei servizi per l'edilizia abitativa e la tutela dell'ambiente","Regulation of housing and environmental protection services","84.12","5","ATECO"
"84.12.4","Regolamentazione dei servizi culturali e di altri servizi sociali","Regulation of cultural services and other social services","84.12","5","ATECO"
"84.13.1","Regolamentazione dei servizi connessi a agricoltura, silvicoltura, caccia e pesca","Regulation of agriculture-, forestry-, fishing- and hunting-related services","84.13","5","ATECO"
"84.13.2","Regolamentazione dei servizi connessi a combustibili ed energia","Regulation of fuel- and energy-related services","84.13","5","ATECO"
"84.13.3","Regolamentazione dei servizi connessi a industrie estrattive e risorse minerarie, industrie manifatturiere e di costruzione","Regulation of mining- and mineral resources-, manufacturing- and construction-related services","84.13","5","ATECO"
"84.13.4","Regolamentazione dei servizi connessi a trasporti e comunicazioni","Regulation of transport- and communications-related services","84.13","5","ATECO"
"84.13.5","Regolamentazione dei servizi connessi a commercio, servizi di alloggio e ristorazione","Regulation of services related to the distributive and catering trades, hotels and restaurants","84.13","5","ATECO"
"84.13.6","Regolamentazione dei servizi connessi al turismo","Regulation of services tourism-related","84.13","5","ATECO"
"84.13.9","Regolamentazione di altri servizi","Regulation of other services","84.13","5","ATECO"
"84.21.0","Affari esteri","Foreign affairs","84.21","5","ATECO"
"84.22.0","Difesa nazionale","Defence activities","84.22","5","ATECO"
"84.23.0","Giustizia e attività giudiziarie","Justice and judicial activities","84.23","5","ATECO"
"84.24.1","Ordine pubblico e sicurezza nazionale delle Forze dell'Ordine","Public order and national security of the Forces of Law and Order","84.24","5","ATECO"
"84.24.2","Attività di supporto all'ordine pubblico e alla sicurezza nazionale fornite dalla Protezione Civile","Public order and national security support activities provided by Civil Protection","84.24","5","ATECO"
"84.25.0","Servizi antincendio","Fire service activities","84.25","5","ATECO"
"84.30.0","Assicurazione sociale obbligatoria","Compulsory social security activities","84.30","5","ATECO"
"85.10.0","Istruzione prescolastica","Pre-primary education","85.10","5","ATECO"
"85.20.0","Istruzione primaria","Primary education","85.20","5","ATECO"
"85.31.1","Istruzione secondaria di formazione generale di primo grado","Lower general secondary education","85.31","5","ATECO"
"85.31.2","Istruzione secondaria di formazione generale di secondo grado","Upper general secondary education","85.31","5","ATECO"
"85.32.0","Istruzione secondaria professionale","Vocational secondary education","85.32","5","ATECO"
"85.33.0","Istruzione post-secondaria non terziaria","Post-secondary non-tertiary education","85.33","5","ATECO"
"85.40.1","Istruzione terziaria non universitaria professionale","Short-cycle tertiary education","85.40","5","ATECO"
"85.40.2","Istruzione terziaria universitaria di primo, secondo e terzo ciclo e a ciclo unico","Other tertiary education","85.40","5","ATECO"
"85.51.0","Formazione sportiva e ricreativa","Sports and recreation education","85.51","5","ATECO"
"85.52.0","Formazione culturale","Cultural education","85.52","5","ATECO"
"85.53.0","Attività di scuole guida","Driving school activities","85.53","5","ATECO"
"85.59.1","Corsi di lingua straniera","Foreign language instruction","85.59","5","ATECO"
"85.59.2","Corsi di formazione e corsi di aggiornamento professionale","Computer training and professional examination review courses","85.59","5","ATECO"
"85.59.3","Altri servizi di istruzione e formazione n.c.a. forniti da università popolari","Other education n.e.c. provided by the so-called università popolari","85.59","5","ATECO"
"85.59.9","Altri servizi vari di istruzione e formazione n.c.a.","Other various educational activities n.e.c.","85.59","5","ATECO"
"85.61.0","Attività di servizi di intermediazione per corsi e tutor","Intermediation service activities for courses and tutors","85.61","5","ATECO"
"85.69.0","Altri servizi di supporto all'istruzione e formazione n.c.a.","Educational support activities n.e.c.","85.69","5","ATECO"
"86.10.0","Attività ospedaliere","Hospital activities","86.10","5","ATECO"
"86.21.0","Attività di medicina generale","General medical practice activities","86.21","5","ATECO"
"86.22.0","Attività di medicina specialistica","Medical specialists activities","86.22","5","ATECO"
"86.23.0","Attività odontoiatriche","Dental practice care activities","86.23","5","ATECO"
"86.91.0","Attività di diagnostica per immagini e di laboratorio medico","Diagnostic imaging services and medical laboratory activities","86.91","5","ATECO"
"86.92.0","Trasporto di pazienti in ambulanza","Patient transportation by ambulance","86.92","5","ATECO"
"86.93.0","Attività di psicologi e psicoterapeuti, esclusi i medici","Activities of psychologists and psychotherapists, except medical doctors","86.93","5","ATECO"
"86.94.0","Attività infermieristiche e ostetriche","Nursing and midwifery activities","86.94","5","ATECO"
"86.95.0","Attività di fisioterapia","Physiotherapy activities","86.95","5","ATECO"
"86.96.0","Attività di medicine complementari e alternative","Traditional, complementary and alternative medicine activities","86.96","5","ATECO"
"86.97.0","Attività di servizi di intermediazione per attività mediche, odontoiatriche e altri servizi per la salute umana","Intermediation service activities for medical, dental and other human health services","86.97","5","ATECO"
"86.99.0","Altre attività per la salute umana n.c.a.","Other human health activities n.e.c.","86.99","5","ATECO"
"87.10.0","Attività di assistenza infermieristica residenziale","Residential nursing care activities","87.10","5","ATECO"
"87.20.0","Attività di assistenza residenziale per persone affette da disturbi mentali o abuso di sostanze","Residential care activities for persons living with or having a diagnosis of a mental illness or substance abuse","87.20","5","ATECO"
"87.30.0","Attività di assistenza residenziale per anziani o persone con disabilità fisiche","Residential care activities for older persons or persons with physical disabilities","87.30","5","ATECO"
"87.91.0","Attività di servizi di intermediazione per attività di assistenza residenziale","Intermediation service activities for residential care activities","87.91","5","ATECO"
"87.99.0","Altre attività di assistenza residenziale n.c.a.","Other residential care activities n.e.c.","87.99","5","ATECO"
"88.10.0","Attività di assistenza sociale non residenziale per anziani o persone con disabilità","Social work activities without accommodation for older persons or persons with disabilities","88.10","5","ATECO"
"88.91.0","Attività di assistenza diurna per l'infanzia","Child day-care activities","88.91","5","ATECO"
"88.99.0","Altre attività di assistenza sociale non residenziale n.c.a.","Other social work activities without accommodation n.e.c.","88.99","5","ATECO"
"90.11.0","Attività di creazione letteraria e composizione musicale","Literary creation and musical composition activities","90.11","5","ATECO"
"90.12.0","Attività di creazione di arti visive","Visual arts creation activities","90.12","5","ATECO"
"90.13.0","Altre attività di creazione artistica","Other arts creation activities","90.13","5","ATECO"
"90.20.0","Attività di arti performative e rappresentazioni artistiche","Activities of performing arts","90.20","5","ATECO"
"90.31.0","Gestione di strutture e spazi per le arti","Operation of arts facilities and sites","90.31","5","ATECO"
"90.39.0","Altre attività di supporto alle arti performative e alle rappresentazioni artistiche","Other support activities to arts and performing arts","90.39","5","ATECO"
"91.11.0","Attività di biblioteche","Library activities","91.11","5","ATECO"
"91.12.0","Attività di archivi","Archive activities","91.12","5","ATECO"
"91.21.0","Attività di musei e collezioni","Museum and collection activities","91.21","5","ATECO"
"91.22.0","Attività di luoghi e monumenti storici","Historical site and monument activities","91.22","5","ATECO"
"91.30.0","Conservazione, restauro e altre attività di supporto al patrimonio culturale","Conservation, restoration and other support activities for cultural heritage","91.30","5","ATECO"
"91.41.0","Attività di orti botanici e giardini zoologici","Botanical and zoological garden activities","91.41","5","ATECO"
"91.42.0","Attività di riserve e parchi naturali","Nature reserve activities","91.42","5","ATECO"
"92.00.0","Attività di scommesse, lotterie e altri giochi d'azzardo","Gambling and betting activities","92.00","5","ATECO"
"93.11.1","Gestione di piscine","Operation of swimming pools","93.11","5","ATECO"
"93.11.9","Gestione di altri impianti sportivi","Operation of other sports facilities","93.11","5","ATECO"
"93.12.0","Attività dei club sportivi","Activities of sports clubs","93.12","5","ATECO"
"93.13.0","Attività dei centri di fitness","Activities of fitness centres","93.13","5","ATECO"
"93.19.1","Attività di organizzazioni ed enti sportivi e promozione di eventi sportivi","Activities of sport governing bodies and activities related to promotion of sporting events","93.19","5","ATECO"
"93.19.9","Altre attività sportive n.c.a.","Other sports activities n.e.c.","93.19","5","ATECO"
"93.21.0","Attività dei parchi di divertimento e dei parchi tematici","Activities of amusement parks and theme parks","93.21","5","ATECO"
"93.29.1","Gestione di piste e sale da ballo","Operation of dance floors and ballrooms","93.29","5","ATECO"
"93.29.2","Gestione di stabilimenti balneari","Operation of bathing beaches","93.29","5","ATECO"
"93.29.3","Gestione di apparecchi da intrattenimento che non consentono vincite in denaro funzionanti a moneta o a gettone","Operation of coin-operated or token-operated non-money-winning amusement machines","93.29","5","ATECO"
"93.29.9","Altre attività di intrattenimento e divertimento n.c.a.","Other amusement and recreation activities n.e.c.","93.29","5","ATECO"
"94.11.0","Attività di organizzazioni di imprese e dei datori di lavoro","Activities of business and employers membership organisations","94.11","5","ATECO"
"94.12.1","Attività di ordini e collegi professionali","Activities of professional membership organisations whose membership as members is essential for the practice of the profession","94.12","5","ATECO"
"94.12.2","Attività di associazioni professionali","Activities of other professional membership organisations","94.12","5","ATECO"
"94.20.0","Attività dei sindacati di lavoratori","Activities of trade unions","94.20","5","ATECO"
"94.91.0","Attività delle organizzazioni religiose","Activities of religious organisations","94.91","5","ATECO"
"94.92.0","Attività delle organizzazioni politiche","Activities of political organisations","94.92","5","ATECO"
"94.99.1","Attività di organizzazioni associative per la tutela degli interessi e dei diritti dei cittadini","Activities of organisations for the protection of citizens and consumers","94.99","5","ATECO"
"94.99.2","Attività di organizzazioni associative culturali e ricreative","Activities of cultural and recreational organisations","94.99","5","ATECO"
"94.99.3","Attività di organizzazioni associative a scopo patriottico","Activities of organisations for patriotic purposes","94.99","5","ATECO"
"94.99.4","Attività di organizzazioni associative per la cooperazione internazionale","Activities of international cooperation and solidarity organisations","94.99","5","ATECO"
"94.99.5","Attività di organizzazioni associative filantropiche","Activities of philanthropic and voluntarism promotion organisations","94.99","5","ATECO"
"94.99.6","Attività di organizzazioni associative per la promozione e la difesa degli animali e dell'ambiente","Activities of organisations for the protection of environmental and animals","94.99","5","ATECO"
"94.99.9","Attività di altre organizzazioni associative varie n.c.a.","Activities of other various membership organisations n.e.c.","94.99","5","ATECO"
"95.10.1","Riparazione e manutenzione di computer e periferiche","Repair and maintenance of computers and peripheral equipment","95.10","5","ATECO"
"95.10.2","Riparazione e manutenzione di apparecchiature per le comunicazioni","Repair and maintenance of communication equipment","95.10","5","ATECO"
"95.21.0","Riparazione e manutenzione di prodotti di elettronica di consumo","Repair and maintenance of consumer electronics","95.21","5","ATECO"
"95.22.0","Riparazione e manutenzione di elettrodomestici e di articoli per la casa e il giardinaggio","Repair and maintenance of household appliances and home and garden equipment","95.22","5","ATECO"
"95.23.0","Riparazione e manutenzione di calzature e articoli in pelle","Repair and maintenance of footwear and leather goods","95.23","5","ATECO"
"95.24.0","Riparazione e manutenzione di mobili e di oggetti di arredamento per la casa","Repair and maintenance of furniture and home furnishings","95.24","5","ATECO"
"95.25.0","Riparazione e manutenzione di orologi e gioielli","Repair and maintenance of watches, clocks and jewellery","95.25","5","ATECO"
"95.29.1","Riparazione e accordatura di strumenti musicali non storici","Repair and tuning of non-historical musical instruments","95.29","5","ATECO"
"95.29.2","Riparazione e manutenzione di biciclette, articoli sportivi e attrezzature da campeggio","Repair and maintenance of bicycles, sporting goods and camping equipment","95.29","5","ATECO"
"95.29.3","Riparazione e modifica di articoli di abbigliamento","Repair and alteration of clothing","95.29","5","ATECO"
"95.29.9","Riparazione e manutenzione di altri beni per uso personale e per la casa n.c.a.","Repair and maintenance of other personal and household goods n.e.c.","95.29","5","ATECO"
"95.31.1","Riparazione e manutenzione meccanica, elettrica ed elettronica di autoveicoli","Mechanical, electrical and electronic repair and maintenance of motor vehicles","95.31","5","ATECO"
"95.31.2","Riparazione e manutenzione di carrozzerie di autoveicoli","Repair and maintenance of bodywork of motor vehicles","95.31","5","ATECO"
"95.31.3","Riparazione, montaggio o sostituzione di pneumatici e camere d'aria di autoveicoli","Repair, fitting or replacement service activities for tubes and tyres","95.31","5","ATECO"
"95.31.9","Lavaggio e altre attività di riparazione e manutenzione di autoveicoli","Washing and other repair and maintenance of motor vehicles","95.31","5","ATECO"
"95.32.0","Riparazione e manutenzione di motocicli","Repair and maintenance of motorcycles","95.32","5","ATECO"
"95.40.0","Attività di servizi di intermediazione per la riparazione e la manutenzione di computer, beni per uso personale e per la casa, autoveicoli e motocicli","Intermediation service activities for repair and maintenance of computers, personal and household goods, and motor vehicles and motorcycles","95.40","5","ATECO"
"96.10.1","Lavaggio e pulitura di prodotti tessili forniti da lavanderie industriali","Washing and cleaning of textile products for industrial or commercial clients","96.10","5","ATECO"
"96.10.2","Lavaggio e pulitura di prodotti tessili e pellicce forniti da lavanderie e tintorie non industriali","Washing and cleaning of textile and fur products for the general public","96.10","5","ATECO"
"96.21.0","Servizi di parrucchieri e barbieri","Hairdressing and barber activities","96.21","5","ATECO"
"96.22.0","Servizi di cura della bellezza e altri trattamenti di bellezza","Beauty care and other beauty treatment activities","96.22","5","ATECO"
"96.23.1","Servizi di centri termali","Thermal baths activities","96.23","5","ATECO"
"96.23.9","Altri servizi di centri benessere, sauna e bagno di vapore","Other day spa, sauna and steam bath activities","96.23","5","ATECO"
"96.30.0","Servizi funerari e attività connesse","Funeral and related activities","96.30","5","ATECO"
"96.40.0","Attività di servizi di intermediazione per servizi alla persona","Intermediation service activities for personal services","96.40","5","ATECO"
"96.91.0","Fornitura di servizi domestici","Provision of domestic personal service activities","96.91","5","ATECO"
"96.99.1","Servizi di cura per animali da compagnia","Pet care services","96.99","5","ATECO"
"96.99.9","Altre attività varie di servizi alla persona n.c.a.","Other various personal service activities n.e.c.","96.99","5","ATECO"
"97.00.1","Attività di condomini come datori di lavoro per personale domestico","Activities of condominiums as employers of domestic personnel","97.00","5","ATECO"
"97.00.9","Attività di famiglie e convivenze come datori di lavoro per personale domestico n.c.a.","Activities of households as employers of domestic personnel n.e.c.","97.00","5","ATECO"
"98.10.0","Produzione di beni indifferenziati per uso proprio da parte di famiglie e convivenze","Undifferentiated goods-producing activities of private households for own use","98.10","5","ATECO"
"98.20.0","Produzione di servizi indifferenziati per uso proprio da parte di famiglie e convivenze","Undifferentiated service-producing activities of private households for own use","98.20","5","ATECO"
"99.00.0","Attività di organizzazioni e organismi extraterritoriali","Activities of extraterritorial organisations and bodies","99.00","5","ATECO"
"01.11.00","Coltivazione di cereali, legumi da granella e semi oleosi, escluso il riso","Growing of cereals, other than rice, leguminous crops and oil seeds","01.11.0","6","ATECO"
"01.12.00","Coltivazione di riso","Growing of rice","01.12.0","6","ATECO"
"01.13.11","Coltivazione di ortaggi e meloni in piena aria","Growing of vegetables and melons in open fields","01.13.1","6","ATECO"
"01.13.12","Coltivazione di ortaggi e meloni in colture protette fuori suolo","Growing of vegetables and melons in greenhouses as soil-less culture","01.13.1","6","ATECO"
"01.13.13","Coltivazione di ortaggi e meloni in altre colture protette, escluse colture fuori suolo","Growing of vegetables and melons in greenhouses, other than soil-less culture","01.13.1","6","ATECO"
"01.13.20","Coltivazione di radici, incluse barbabietole da zucchero","Growing of roots, including sugar beet","01.13.2","6","ATECO"
"01.13.30","Coltivazione di tuberi, incluse patate","Growing of tubers, including potatoes","01.13.3","6","ATECO"
"01.14.00","Coltivazione di canna da zucchero","Growing of sugar cane","01.14.0","6","ATECO"
"01.15.00","Coltivazione di tabacco","Growing of tobacco","01.15.0","6","ATECO"
"01.16.00","Coltivazione di piante tessili","Growing of fibre crops","01.16.0","6","ATECO"
"01.19.11","Coltivazione di fiori in piena aria","Growing of flowers in open fields","01.19.1","6","ATECO"
"01.19.12","Coltivazione di fiori in colture protette fuori suolo","Growing of flowers in greenhouses as soil-less culture","01.19.1","6","ATECO"
"01.19.13","Coltivazione di fiori in altre colture protette, escluse colture fuori suolo","Growing of flowers in greenhouses, other than soil-less culture","01.19.1","6","ATECO"
"01.19.90","Coltivazione di piante da foraggio e di altre colture agricole non permanenti n.c.a.","Growing of crops for fodder and of other non-perennial crops n.e.c.","01.19.9","6","ATECO"
"01.21.00","Coltivazione di uva","Growing of grapes","01.21.0","6","ATECO"
"01.22.00","Coltivazione di frutta di origine tropicale e subtropicale","Growing of tropical and subtropical fruits","01.22.0","6","ATECO"
"01.23.00","Coltivazione di agrumi","Growing of citrus fruits","01.23.0","6","ATECO"
"01.24.00","Coltivazione di pomacee e frutta a nocciolo","Growing of pome fruits and stone fruits","01.24.0","6","ATECO"
"01.25.00","Coltivazione di altri alberi da frutto, frutti di bosco e frutta in guscio","Growing of other tree and bush fruits and nuts","01.25.0","6","ATECO"
"01.26.00","Coltivazione di frutti oleosi","Growing of oleaginous fruits","01.26.0","6","ATECO"
"01.27.00","Coltivazione di piante per la produzione di bevande","Growing of beverage crops","01.27.0","6","ATECO"
"01.28.00","Coltivazione di spezie, piante aromatiche e farmaceutiche","Growing of spices, aromatic, drug and pharmaceutical crops","01.28.0","6","ATECO"
"01.29.00","Coltivazione di altre colture agricole permanenti","Growing of other perennial crops","01.29.0","6","ATECO"
"01.30.00","Riproduzione delle piante","Plant propagation","01.30.0","6","ATECO"
"01.41.00","Allevamento di bovini da latte","Raising of dairy cattle","01.41.0","6","ATECO"
"01.42.00","Allevamento di altri bovini e bufalini","Raising of other cattle and buffaloes","01.42.0","6","ATECO"
"01.43.00","Allevamento di cavalli e altri equini","Raising of horses and other equines","01.43.0","6","ATECO"
"01.44.00","Allevamento di cammelli e camelidi","Raising of camels and camelids","01.44.0","6","ATECO"
"01.45.00","Allevamento di ovini e caprini","Raising of sheep and goats","01.45.0","6","ATECO"
"01.46.00","Allevamento di suini","Raising of swine and pigs","01.46.0","6","ATECO"
"01.47.00","Allevamento di pollame","Raising of poultry","01.47.0","6","ATECO"
"01.48.10","Allevamento di conigli","Raising of rabbits","01.48.1","6","ATECO"
"01.48.20","Allevamento di altri animali da pelliccia","Raising of other fur animals","01.48.2","6","ATECO"
"01.48.30","Apicoltura","Bee-keeping","01.48.3","6","ATECO"
"01.48.40","Bachicoltura","Sericulture","01.48.4","6","ATECO"
"01.48.91","Allevamento di insetti","Raising of insects","01.48.9","6","ATECO"
"01.48.99","Allevamento di altri animali vari n.c.a.","Raising of other various animals n.e.c.","01.48.9","6","ATECO"
"01.50.00","Coltivazioni agricole associate all'allevamento di animali: attività mista","Mixed farming","01.50.0","6","ATECO"
"01.61.10","Manutenzione del terreno per mantenerlo in buone condizioni","Maintenance of land keeping it in good condition","01.61.1","6","ATECO"
"01.61.91","Trattamenti fitosanitari","Pesticides application","01.61.9","6","ATECO"
"01.61.99","Altre attività di supporto alla produzione vegetale n.c.a.","Other support activities for crop production n.e.c.","01.61.9","6","ATECO"
"01.62.01","Attività di maniscalchi","Activities of farriers","01.62.0","6","ATECO"
"01.62.09","Altre attività di supporto alla produzione animale","Other support activities for animal production","01.62.0","6","ATECO"
"01.63.10","Attività successive alla raccolta","Post-harvest crop activities","01.63.1","6","ATECO"
"01.63.20","Lavorazione delle sementi per la semina","Seed processing for propagation","01.63.2","6","ATECO"
"01.70.00","Caccia, cattura di animali e servizi connessi","Hunting, trapping and related service activities","01.70.0","6","ATECO"
"02.10.00","Silvicoltura e altre attività forestali","Silviculture and other forestry activities","02.10.0","6","ATECO"
"02.20.00","Utilizzo di aree forestali","Logging","02.20.0","6","ATECO"
"02.30.00","Raccolta di prodotti selvatici non legnosi","Gathering of wild growing non-wood products","02.30.0","6","ATECO"
"02.40.00","Servizi di supporto per la silvicoltura","Support services to forestry","02.40.0","6","ATECO"
"03.11.00","Pesca marina","Marine fishing","03.11.0","6","ATECO"
"03.12.00","Pesca in acque dolci","Freshwater fishing","03.12.0","6","ATECO"
"03.21.01","Coltivazione di alghe marine","Marine algae cultivation","03.21.0","6","ATECO"
"03.21.09","Altre attività di acquacoltura marina","Other activities of marine aquaculture","03.21.0","6","ATECO"
"03.22.01","Coltivazione di alghe in acque dolci","Freshwater algae cultivation","03.22.0","6","ATECO"
"03.22.09","Altre attività di acquacoltura in acque dolci","Other activities of freshwater aquaculture","03.22.0","6","ATECO"
"03.30.00","Attività di supporto alla pesca e all'acquacoltura","Support activities for fishing and aquaculture","03.30.0","6","ATECO"
"05.10.00","Estrazione di antracite","Mining of hard coal","05.10.0","6","ATECO"
"05.20.00","Estrazione di lignite","Mining of lignite","05.20.0","6","ATECO"
"06.10.00","Estrazione di petrolio greggio","Extraction of crude petroleum","06.10.0","6","ATECO"
"06.20.00","Estrazione di gas naturale","Extraction of natural gas","06.20.0","6","ATECO"
"07.10.00","Estrazione di minerali metalliferi ferrosi","Mining of iron ores","07.10.0","6","ATECO"
"07.21.00","Estrazione di minerali di uranio e torio","Mining of uranium and thorium ores","07.21.0","6","ATECO"
"07.29.00","Estrazione di altri minerali metalliferi non ferrosi","Mining of other non-ferrous metal ores","07.29.0","6","ATECO"
"08.11.00","Estrazione di pietre ornamentali, calcare, pietra di gesso, ardesia e altre pietre","Quarrying of ornamental stone, limestone, gypsum, slate and other stone","08.11.0","6","ATECO"
"08.12.00","Estrazione di ghiaia, sabbia, argilla e caolino","Operation of gravel and sand pits and mining of clay and kaolin","08.12.0","6","ATECO"
"08.91.00","Estrazione di minerali per l'industria chimica e per la produzione di fertilizzanti","Mining of chemical and fertiliser minerals","08.91.0","6","ATECO"
"08.92.00","Estrazione di torba","Extraction of peat","08.92.0","6","ATECO"
"08.93.01","Estrazione di sale dal sottosuolo","Extraction of salt from underground","08.93.0","6","ATECO"
"08.93.02","Salicoltura marina","Marine saliculture","08.93.0","6","ATECO"
"08.93.03","Produzione di sale da salamoia","Salt production by evaporation of other saline waters","08.93.0","6","ATECO"
"08.99.01","Estrazione di asfalto e bitume naturale","Mining and quarrying of asphalt and natural bitumen","08.99.0","6","ATECO"
"08.99.09","Altre attività estrattive varie n.c.a.","Mining and quarrying of other minerals n.e.c.","08.99.0","6","ATECO"
"09.10.00","Attività di supporto all'estrazione di petrolio e gas naturale","Support activities for petroleum and natural gas extraction","09.10.0","6","ATECO"
"09.90.00","Attività di supporto ad altre attività estrattive","Support activities for other mining and quarrying","09.90.0","6","ATECO"
"10.11.00","Lavorazione e conservazione di carne, esclusa la carne di volatili","Processing and preserving of meat, except of poultry meat","10.11.0","6","ATECO"
"10.12.00","Lavorazione e conservazione di carne di volatili","Processing and preserving of poultry meat","10.12.0","6","ATECO"
"10.13.00","Produzione di prodotti a base di carne, inclusi prodotti a base di carne di volatili","Production of meat and poultry meat products","10.13.0","6","ATECO"
"10.20.01","Lavorazione di alghe","Processing of seaweed","10.20.0","6","ATECO"
"10.20.09","Altre attività di lavorazione e conservazione di pesce, crostacei e molluschi","Other activities of processing and preserving of fish, crustaceans and molluscs","10.20.0","6","ATECO"
"10.31.00","Lavorazione e conservazione di patate","Processing and preserving of potatoes","10.31.0","6","ATECO"
"10.32.00","Produzione di succhi a base di frutta e ortaggi","Manufacture of fruit and vegetable juice","10.32.0","6","ATECO"
"10.39.00","Altre attività di lavorazione e conservazione di frutta e ortaggi","Other processing and preserving of fruit and vegetables","10.39.0","6","ATECO"
"10.41.10","Produzione di olio di oliva","Manufacture of olive oil","10.41.1","6","ATECO"
"10.41.20","Produzione di altri oli vegetali","Manufacture of vegetable oils, other than olive oil","10.41.2","6","ATECO"
"10.41.30","Produzione di oli e grassi animali","Manufacture of animal oils and fats","10.41.3","6","ATECO"
"10.42.00","Produzione di margarina e di grassi alimentari simili","Manufacture of margarine and similar edible fats","10.42.0","6","ATECO"
"10.51.10","Trattamento igienico del latte","Processing of liquid milk","10.51.1","6","ATECO"
"10.51.20","Produzione di derivati del latte","Manufacture of other dairy products","10.51.2","6","ATECO"
"10.52.00","Produzione di gelati","Manufacture of ice cream and other edible ice","10.52.0","6","ATECO"
"10.61.11","Lavorazione di frumento","Wheat milling","10.61.1","6","ATECO"
"10.61.19","Lavorazione di altri cereali","Grain milling, other that wheat milling","10.61.1","6","ATECO"
"10.61.20","Lavorazione del riso","Rice milling","10.61.2","6","ATECO"
"10.61.90","Lavorazioni di altre granaglie","Manufacture of other grain mill products","10.61.9","6","ATECO"
"10.62.00","Produzione di amidi e di prodotti amidacei","Manufacture of starches and starch products","10.62.0","6","ATECO"
"10.71.10","Produzione di pane e prodotti di panetteria simili","Manufacture of bread and similar products","10.71.1","6","ATECO"
"10.71.20","Produzione di prodotti di pasticceria freschi","Manufacture of fresh pastry goods and cakes","10.71.2","6","ATECO"
"10.72.00","Produzione di fette biscottate, biscotti, prodotti di pasticceria conservati","Manufacture of rusks, biscuits, preserved pastries and cakes","10.72.0","6","ATECO"
"10.73.01","Produzione di prodotti farinacei freschi","Manufacture of fresh farinaceous products","10.73.0","6","ATECO"
"10.73.02","Produzione di prodotti farinacei conservati","Manufacture of preserved farinaceous products","10.73.0","6","ATECO"
"10.81.00","Produzione di zucchero","Manufacture of sugar","10.81.0","6","ATECO"
"10.82.00","Produzione di cacao, cioccolato, caramelle e confetterie","Manufacture of cocoa, chocolate and sugar confectionery","10.82.0","6","ATECO"
"10.83.01","Lavorazione di tè e di altri preparati per infusi","Processing of tea and other herb infusions","10.83.0","6","ATECO"
"10.83.02","Lavorazione di caffè","Processing of coffee","10.83.0","6","ATECO"
"10.84.00","Produzione di condimenti e spezie","Manufacture of condiments and seasonings","10.84.0","6","ATECO"
"10.85.01","Produzione di pasti e piatti preparati a base di carne, inclusi pasti e piatti preparati a base di carne di volatili","Manufacture of prepared meat or poultry meals and dishes","10.85.0","6","ATECO"
"10.85.02","Produzione di pasti e piatti preparati a base di pesce","Manufacture of prepared fish meals and dishes","10.85.0","6","ATECO"
"10.85.03","Produzione di pasti e piatti preparati a base di ortaggi","Manufacture of prepared vegetable meals and dishes","10.85.0","6","ATECO"
"10.85.04","Produzione di pizza surgelata o altrimenti conservata","Manufacture of frozen or otherwise preserved pizza","10.85.0","6","ATECO"
"10.85.05","Produzione di pasti e piatti preparati a base di pasta","Manufacture of prepared pasta meals and dishes","10.85.0","6","ATECO"
"10.85.09","Produzione di altri pasti e piatti preparati","Manufacture of other prepared meals and dishes","10.85.0","6","ATECO"
"10.86.00","Produzione di preparati omogeneizzati e di alimenti dietetici","Manufacture of homogenised food preparations and dietetic food","10.86.0","6","ATECO"
"10.89.01","Produzione di integratori alimentari","Manufacture of food supplements","10.89.0","6","ATECO"
"10.89.09","Produzione di altri prodotti alimentari vari n.c.a.","Manufacture of other various food products n.e.c.","10.89.0","6","ATECO"
"10.91.00","Produzione di mangimi per l'alimentazione degli animali da allevamento","Manufacture of prepared feeds for farm animals","10.91.0","6","ATECO"
"10.92.00","Produzione di prodotti per l'alimentazione degli animali da compagnia","Manufacture of prepared pet foods","10.92.0","6","ATECO"
"11.01.00","Distillazione, rettifica e miscelatura di alcolici","Distilling, rectifying and blending of spirits","11.01.0","6","ATECO"
"11.02.10","Produzione di vini, esclusi vini spumanti e altri vini speciali","Manufacture of wine of fresh grapes, other than sparkling wine and other special wines","11.02.1","6","ATECO"
"11.02.20","Produzione di vini spumanti e altri vini speciali","Manufacture of sparkling wine and other special wines","11.02.2","6","ATECO"
"11.03.00","Produzione di sidro e di altre bevande fermentate a base di frutta","Manufacture of cider and other fermented fruit beverages","11.03.0","6","ATECO"
"11.04.00","Produzione di altre bevande fermentate non distillate","Manufacture of other non-distilled fermented beverages","11.04.0","6","ATECO"
"11.05.00","Produzione di birra","Manufacture of beer","11.05.0","6","ATECO"
"11.06.00","Produzione di malto","Manufacture of malt","11.06.0","6","ATECO"
"11.07.01","Produzione di bibite analcoliche","Manufacture of soft drinks","11.07.0","6","ATECO"
"11.07.02","Produzione di acque in bottiglia","Manufacture of bottled waters","11.07.0","6","ATECO"
"12.00.00","Produzione di prodotti del tabacco","Manufacture of tobacco products","12.00.0","6","ATECO"
"13.10.00","Preparazione e filatura di fibre tessili","Preparation and spinning of textile fibres","13.10.0","6","ATECO"
"13.20.00","Tessitura","Weaving of textiles","13.20.0","6","ATECO"
"13.30.00","Finissaggio dei tessili","Finishing of textiles","13.30.0","6","ATECO"
"13.91.00","Fabbricazione di tessuti a maglia e all'uncinetto","Manufacture of knitted and crocheted fabrics","13.91.0","6","ATECO"
"13.92.10","Fabbricazione di tessili per la casa","Manufacture of made-up household textiles articles","13.92.1","6","ATECO"
"13.92.20","Fabbricazione di tessili per l'arredo","Manufacture of made-up furnishing articles","13.92.2","6","ATECO"
"13.93.00","Fabbricazione di tappeti e moquette","Manufacture of carpets and rugs","13.93.0","6","ATECO"
"13.94.00","Fabbricazione di spago, corde, funi e reti","Manufacture of cordage, rope, twine and netting","13.94.0","6","ATECO"
"13.95.00","Fabbricazione di tessuti non-tessuti e di articoli in tessuto non-tessuto","Manufacture of non-wovens and non-woven articles","13.95.0","6","ATECO"
"13.96.00","Fabbricazione di altri tessuti per uso tecnico e industriale","Manufacture of other technical and industrial textiles","13.96.0","6","ATECO"
"13.99.10","Fabbricazione di ricami, tulle, pizzi e merletti","Manufacture of tulles, lace and embroidery","13.99.1","6","ATECO"
"13.99.90","Fabbricazione di feltro e altri prodotti tessili diversi n.c.a.","Manufacture of felt and other various textile articles n.e.c.","13.99.9","6","ATECO"
"14.10.10","Fabbricazione di articoli di calzetteria a maglia e all'uncinetto","Manufacture of knitted and crocheted hosiery","14.10.1","6","ATECO"
"14.10.20","Fabbricazione di maglioni e altri articoli a maglia e all'uncinetto","Manufacture of pullovers, cardigans and other knitted and crocheted articles","14.10.2","6","ATECO"
"14.21.10","Fabbricazione in serie di abbigliamento esterno","Mass-manufacture of outerwear","14.21.1","6","ATECO"
"14.21.20","Sartoria e confezione su misura di abbigliamento esterno","Custom tailoring of outwear","14.21.2","6","ATECO"
"14.22.00","Fabbricazione di biancheria intima","Manufacture of underwear","14.22.0","6","ATECO"
"14.23.00","Fabbricazione di indumenti da lavoro","Manufacture of workwear","14.23.0","6","ATECO"
"14.24.00","Fabbricazione di abbigliamento in pelle e in pelliccia","Manufacture of leather clothes and fur apparel","14.24.0","6","ATECO"
"14.29.00","Fabbricazione di altri articoli di abbigliamento e accessori n.c.a.","Manufacture of other wearing apparel and accessories n.e.c.","14.29.0","6","ATECO"
"15.11.00","Concia, tintura e rifinizione di pelli, cuoi e pellicce","Tanning, dressing, dyeing of leather and fur","15.11.0","6","ATECO"
"15.12.00","Fabbricazione di articoli da viaggio, borse, pelletteria e selleria di qualsiasi materiale","Manufacture of luggage, handbags, saddlery and harness of any material","15.12.0","6","ATECO"
"15.20.10","Fabbricazione di calzature, escluse parti in cuoio per calzature","Manufacture of footwear, other than leather parts of footwear","15.20.1","6","ATECO"
"15.20.20","Fabbricazione di parti in cuoio per calzature","Manufacture of leather parts of footwear","15.20.2","6","ATECO"
"16.11.00","Taglio e piallatura del legno","Sawmilling and planing of wood","16.11.0","6","ATECO"
"16.12.00","Lavorazione e finitura del legno","Processing and finishing of wood","16.12.0","6","ATECO"
"16.21.00","Fabbricazione di fogli da impiallacciatura e di pannelli a base di legno","Manufacture of veneer sheets and wood-based panels","16.21.0","6","ATECO"
"16.22.00","Fabbricazione di pavimenti di legno con elementi pre-assemblati","Manufacture of assembled parquet floors","16.22.0","6","ATECO"
"16.23.01","Fabbricazione di stand e strutture simili in legno per convegni e fiere","Manufacture of wooden stands and similar structures for conventions and trade shows","16.23.0","6","ATECO"
"16.23.09","Fabbricazione di altri prodotti di carpenteria in legno e falegnameria per l'edilizia n.c.a.","Manufacture of other builders' carpentry and joinery n.e.c.","16.23.0","6","ATECO"
"16.24.00","Fabbricazione di imballaggi in legno","Manufacture of wooden containers","16.24.0","6","ATECO"
"16.25.00","Fabbricazione di porte e finestre in legno","Manufacture of doors and windows of wood","16.25.0","6","ATECO"
"16.26.00","Produzione di combustibili solidi da biomassa vegetale","Manufacture of solid fuels from vegetable biomass","16.26.0","6","ATECO"
"16.27.00","Finitura di prodotti in legno","Finishing of wooden products","16.27.0","6","ATECO"
"16.28.11","Fabbricazione di cornici","Manufacture of frames","16.28.1","6","ATECO"
"16.28.19","Fabbricazione di altri prodotti in legno n.c.a.","Manufacture of other products of wood n.e.c.","16.28.1","6","ATECO"
"16.28.20","Fabbricazione di articoli in sughero","Manufacture of articles of cork materials","16.28.2","6","ATECO"
"16.28.30","Fabbricazione di articoli in paglia e materiali da intreccio","Manufacture of straw and plaiting materials","16.28.3","6","ATECO"
"17.11.00","Fabbricazione di pasta-carta","Manufacture of pulp","17.11.0","6","ATECO"
"17.12.00","Fabbricazione di carta e cartone","Manufacture of paper and paperboard","17.12.0","6","ATECO"
"17.21.00","Fabbricazione di carta, cartone ondulato e di imballaggi di carta e cartone","Manufacture of corrugated paper, paperboard and containers of paper and paperboard","17.21.0","6","ATECO"
"17.22.00","Fabbricazione di prodotti igienico-sanitari e per uso domestico in carta e ovatta di cellulosa","Manufacture of household and sanitary goods and of toilet requisites","17.22.0","6","ATECO"
"17.23.01","Fabbricazione di prodotti cartotecnici scolastici e commerciali","Manufacture of educational and commercial stationery","17.23.0","6","ATECO"
"17.23.09","Fabbricazione di altri prodotti cartotecnici","Manufacture of other paper stationery","17.23.0","6","ATECO"
"17.24.00","Fabbricazione di carta da parati","Manufacture of wallpaper","17.24.0","6","ATECO"
"17.25.00","Fabbricazione di altri articoli di carta e cartone","Manufacture of other articles of paper and paperboard","17.25.0","6","ATECO"
"18.11.00","Stampa di giornali","Printing of newspapers","18.11.0","6","ATECO"
"18.12.00","Altra stampa","Other printing","18.12.0","6","ATECO"
"18.13.00","Lavorazioni preliminari alla stampa e ai media","Pre-press and pre-media services","18.13.0","6","ATECO"
"18.14.00","Legatoria e servizi connessi","Binding and related services","18.14.0","6","ATECO"
"18.20.00","Riproduzione di supporti registrati","Reproduction of recorded media","18.20.0","6","ATECO"
"19.10.00","Fabbricazione di prodotti di cokeria","Manufacture of coke oven products","19.10.0","6","ATECO"
"19.20.10","Raffinazione di petrolio","Petroleum refining","19.20.1","6","ATECO"
"19.20.20","Fabbricazione di derivati del petrolio","Manufacture of petroleum derivatives","19.20.2","6","ATECO"
"19.20.30","Miscelazione di gas petroliferi liquefatti (GPL) e loro imbottigliamento","Blending of LPG (Liquefied Petroleum Gases) and bottling","19.20.3","6","ATECO"
"19.20.40","Fabbricazione di prodotti di base per la copertura stradale","Manufacture of products for the manufacture of road coverings","19.20.4","6","ATECO"
"19.20.90","Fabbricazione di altri prodotti derivanti dalla raffinazione del petrolio e prodotti da combustibili fossili","Manufacture of other refined petroleum products and fossil fuel products","19.20.9","6","ATECO"
"20.11.00","Fabbricazione di gas industriali","Manufacture of industrial gases","20.11.0","6","ATECO"
"20.12.00","Fabbricazione di coloranti e pigmenti","Manufacture of dyes and pigments","20.12.0","6","ATECO"
"20.13.00","Fabbricazione di altri prodotti chimici di base inorganici","Manufacture of other inorganic basic chemicals","20.13.0","6","ATECO"
"20.14.00","Fabbricazione di altri prodotti chimici di base organici","Manufacture of other organic basic chemicals","20.14.0","6","ATECO"
"20.15.00","Fabbricazione di fertilizzanti e composti azotati","Manufacture of fertilisers and nitrogen compounds","20.15.0","6","ATECO"
"20.16.00","Fabbricazione di materie plastiche in forme primarie","Manufacture of plastics in primary forms","20.16.0","6","ATECO"
"20.17.00","Fabbricazione di gomma sintetica in forme primarie","Manufacture of synthetic rubber in primary forms","20.17.0","6","ATECO"
"20.20.00","Fabbricazione di fitofarmaci, disinfettanti e altri prodotti chimici per l'agricoltura","Manufacture of pesticides, disinfectants and other agrochemical products","20.20.0","6","ATECO"
"20.30.00","Fabbricazione di pitture, vernici e smalti, inchiostri da stampa e adesivi sintetici","Manufacture of paints, varnishes and similar coatings, printing ink and mastics","20.30.0","6","ATECO"
"20.41.10","Fabbricazione di saponi, detergenti e preparazioni tensioattive","Manufacture of soap, detergents and surface-active preparations","20.41.1","6","ATECO"
"20.41.20","Fabbricazione di glicerina e altri prodotti per la pulizia e la lucidatura","Manufacture of glycerol and other cleaning and polishing preparations","20.41.2","6","ATECO"
"20.42.00","Fabbricazione di profumi e cosmetici","Manufacture of perfume and toilet preparations","20.42.0","6","ATECO"
"20.51.00","Produzione di biocarburanti liquidi","Manufacture of liquid biofuels","20.51.0","6","ATECO"
"20.59.11","Fabbricazione di fiammiferi","Manufacture of matches","20.59.1","6","ATECO"
"20.59.12","Fabbricazione di articoli esplosivi","Manufacture of explosives","20.59.1","6","ATECO"
"20.59.20","Fabbricazione di colle","Manufacture of glues","20.59.2","6","ATECO"
"20.59.30","Fabbricazione di oli essenziali","Manufacture of essential oils","20.59.3","6","ATECO"
"20.59.91","Fabbricazione di liquidi per inalazione per sigarette elettroniche","Manufacture of e-liquids used in vaping devices","20.59.9","6","ATECO"
"20.59.99","Fabbricazione di tutti gli altri prodotti chimici vari n.c.a.","Manufacture of all other various chemical products n.e.c.","20.59.9","6","ATECO"
"20.60.00","Fabbricazione di fibre sintetiche e artificiali","Manufacture of man-made fibres","20.60.0","6","ATECO"
"21.10.00","Fabbricazione di prodotti farmaceutici di base","Manufacture of basic pharmaceutical products","21.10.0","6","ATECO"
"21.20.01","Fabbricazione di sostanze diagnostiche radioattive in vivo","Manufacture of radioactive in-vivo diagnostic substances","21.20.0","6","ATECO"
"21.20.09","Fabbricazione di medicinali e altri preparati farmaceutici","Manufacture of other pharmaceutical preparations","21.20.0","6","ATECO"
"22.11.10","Fabbricazione di pneumatici e camere d'aria","Manufacture of rubber tyres and manufacture of tubes","22.11.1","6","ATECO"
"22.11.20","Rigenerazione e ricostruzione di pneumatici","Retreading and rebuilding of rubber tyres","22.11.2","6","ATECO"
"22.12.00","Fabbricazione di altri prodotti in gomma","Manufacture of other rubber products","22.12.0","6","ATECO"
"22.21.00","Fabbricazione di lastre, fogli, tubi e profilati in materie plastiche","Manufacture of plastic plates, sheets, tubes and profiles","22.21.0","6","ATECO"
"22.22.00","Fabbricazione di imballaggi in materie plastiche","Manufacture of plastic packing goods","22.22.0","6","ATECO"
"22.23.00","Fabbricazione di porte e finestre in materie plastiche","Manufacture of doors and windows of plastic","22.23.0","6","ATECO"
"22.24.01","Fabbricazione di rivestimenti per pareti e pavimenti in materie plastiche","Manufacture of wall and floor coverings of plastic","22.24.0","6","ATECO"
"22.24.09","Fabbricazione di altri articoli in materie plastiche per l'edilizia","Manufacture of other builders' ware of plastic","22.24.0","6","ATECO"
"22.25.00","Lavorazione e finitura di prodotti in materie plastiche","Processing and finishing of plastic products","22.25.0","6","ATECO"
"22.26.11","Fabbricazione di articoli e attrezzature per la pulizia per uso domestico in materie plastiche","Manufacture of plastic equipment for cleaning for domestic use","22.26.1","6","ATECO"
"22.26.12","Fabbricazione di articoli e attrezzature per la pulizia per uso non domestico in materie plastiche","Manufacture of plastic equipment for cleaning for non-domestic use","22.26.1","6","ATECO"
"22.26.91","Fabbricazione di articoli per l'ufficio e la scuola in materie plastiche","Manufacture of plastic office and school supplies","22.26.9","6","ATECO"
"22.26.99","Fabbricazione di altri prodotti vari in materie plastiche n.c.a.","Manufacture of other various plastic products n.e.c.","22.26.9","6","ATECO"
"23.11.00","Fabbricazione di vetro piano","Manufacture of flat glass","23.11.0","6","ATECO"
"23.12.00","Lavorazione e trasformazione del vetro piano","Shaping and processing of flat glass","23.12.0","6","ATECO"
"23.13.00","Fabbricazione di vetro cavo","Manufacture of hollow glass","23.13.0","6","ATECO"
"23.14.00","Fabbricazione di fibre di vetro","Manufacture of glass fibres","23.14.0","6","ATECO"
"23.15.10","Lavorazione di vetro a mano e a soffio artistico","Glass blowing","23.15.1","6","ATECO"
"23.15.90","Altre attività di fabbricazione e lavorazione di altro vetro incluso il vetro per usi tecnici","Other manufacture and processing of other glass, including technical glassware","23.15.9","6","ATECO"
"23.20.00","Fabbricazione di prodotti refrattari","Manufacture of refractory products","23.20.0","6","ATECO"
"23.31.00","Fabbricazione di piastrelle in ceramica per pavimenti e rivestimenti","Manufacture of ceramic tiles and flags","23.31.0","6","ATECO"
"23.32.00","Fabbricazione di mattoni, tegole e altri prodotti per l'edilizia in terracotta","Manufacture of bricks, tiles and construction products, in baked clay","23.32.0","6","ATECO"
"23.41.00","Fabbricazione di prodotti in ceramica per usi domestici e ornamentali","Manufacture of ceramic household and ornamental articles","23.41.0","6","ATECO"
"23.42.00","Fabbricazione di articoli sanitari in ceramica","Manufacture of ceramic sanitary fixtures","23.42.0","6","ATECO"
"23.43.00","Fabbricazione di isolatori e di pezzi isolanti in ceramica","Manufacture of ceramic insulators and insulating fittings","23.43.0","6","ATECO"
"23.44.00","Fabbricazione di altri prodotti in ceramica per uso tecnico e industriale","Manufacture of other technical ceramic products","23.44.0","6","ATECO"
"23.45.00","Fabbricazione di altri prodotti in ceramica","Manufacture of other ceramic products","23.45.0","6","ATECO"
"23.51.00","Produzione di cemento","Manufacture of cement","23.51.0","6","ATECO"
"23.52.10","Produzione di calce","Manufacture of lime","23.52.1","6","ATECO"
"23.52.20","Produzione di gesso","Manufacture of plaster","23.52.2","6","ATECO"
"23.61.01","Fabbricazione di tubi prefabbricati in calcestruzzo per acqua potabile","Manufacture of prefabricated concrete pipes for drinking water","23.61.0","6","ATECO"
"23.61.02","Fabbricazione di caminetti prefabbricati in calcestruzzo","Manufacture of prefabricated concrete fireplaces","23.61.0","6","ATECO"
"23.61.03","Fabbricazione di elementi prefabbricati in calcestruzzo per l'edilizia","Manufacture of precast concrete articles for construction purposes","23.61.0","6","ATECO"
"23.61.04","Fabbricazione di strutture prefabbricate in calcestruzzo per l'edilizia","Manufacture of prefabricated concrete structures for construction purposes","23.61.0","6","ATECO"
"23.61.09","Fabbricazione di prodotti in calcestruzzo per l'edilizia n.c.a.","Manufacture of concrete products for construction purposes n.e.c.","23.61.0","6","ATECO"
"23.62.00","Fabbricazione di prodotti in gesso per l'edilizia","Manufacture of plaster products for construction purposes","23.62.0","6","ATECO"
"23.63.00","Produzione di calcestruzzo pronto per l'uso","Manufacture of ready-mixed concrete","23.63.0","6","ATECO"
"23.64.00","Produzione di malta","Manufacture of mortars","23.64.0","6","ATECO"
"23.65.01","Fabbricazione di prodotti in sostanze vegetali agglomerate con cemento, gesso o altri leganti minerali","Manufacture of products of vegetable substances agglomerated with cement, plaster or other mineral binder","23.65.0","6","ATECO"
"23.65.02","Fabbricazione di prodotti in asbesto-cemento o cellulosa fibrocemento","Manufacture of articles of asbestos-cement or cellulose fibre-cement","23.65.0","6","ATECO"
"23.66.01","Fabbricazione di statue, bassorilievi e altorilievi, vasi e fioriere","Manufacture of statuary, bas- and haut-reliefs, vases, flowerpots","23.66.0","6","ATECO"
"23.66.09","Fabbricazione di altri prodotti in calcestruzzo, cemento e gesso n.c.a.","Manufacture of other articles of concrete, cement and plaster n.e.c.","23.66.0","6","ATECO"
"23.70.10","Taglio e lavorazione di pietre e di marmo","Cutting and processing of stone and marble","23.70.1","6","ATECO"
"23.70.20","Lavorazione artistica di marmo e di altre pietre affini","Shaping and finishing of stone and marble","23.70.2","6","ATECO"
"23.70.30","Frantumazione di pietre","Crushing of stone","23.70.3","6","ATECO"
"23.91.00","Fabbricazione di prodotti abrasivi","Manufacture of abrasive products","23.91.0","6","ATECO"
"23.99.00","Fabbricazione di altri prodotti in minerali non metalliferi n.c.a.","Manufacture of other non-metallic mineral products n.e.c.","23.99.0","6","ATECO"
"24.10.00","Fabbricazione di ferro, acciaio e ferroleghe","Manufacture of basic iron and steel and of ferro-alloys","24.10.0","6","ATECO"
"24.20.10","Fabbricazione di tubi, condotti, profilati cavi non saldati e relativi raccordi in acciaio","Manufacture of seamless tubes, pipes, hollow profiles and related fittings, of steel","24.20.1","6","ATECO"
"24.20.20","Fabbricazione di tubi, condotti, profilati cavi saldati e relativi raccordi in acciaio","Manufacture of welded tubes, pipes, hollow profiles and related fittings, of steel","24.20.2","6","ATECO"
"24.31.00","Trafilatura a freddo di barre","Cold drawing of bars","24.31.0","6","ATECO"
"24.32.00","Laminazione a freddo di nastri","Cold rolling of narrow strip","24.32.0","6","ATECO"
"24.33.01","Profilatura mediante formatura o piegatura a freddo di profilati aperti e lamiere grecate","Manufacture of open sections and ribbed sheets","24.33.0","6","ATECO"
"24.33.02","Profilatura mediante formatura o piegatura a freddo di pannelli stratificati","Manufacture of sandwich panels","24.33.0","6","ATECO"
"24.33.03","Presagomatura dell'acciaio per cemento armato e attività simili","Pre-shaping of reinforcing steel and similar activities","24.33.0","6","ATECO"
"24.34.00","Trafilatura a freddo di fili","Cold drawing of wire","24.34.0","6","ATECO"
"24.41.00","Produzione di metalli preziosi","Precious metals production","24.41.0","6","ATECO"
"24.42.00","Produzione di alluminio","Aluminium production","24.42.0","6","ATECO"
"24.43.00","Produzione di piombo, zinco e stagno","Lead, zinc and tin production","24.43.0","6","ATECO"
"24.44.00","Produzione di rame","Copper production","24.44.0","6","ATECO"
"24.45.00","Produzione di altri metalli non ferrosi","Other non-ferrous metal production","24.45.0","6","ATECO"
"24.46.00","Trattamento di combustibili nucleari","Processing of nuclear fuel","24.46.0","6","ATECO"
"24.51.01","Fusione di getti in ghisa grigia o lamellare","Casting of grey iron","24.51.0","6","ATECO"
"24.51.02","Fusione di getti in ghisa duttile","Casting of ductile iron","24.51.0","6","ATECO"
"24.51.09","Fusione di getti in ghisa n.c.a.","Casting of iron n.e.c.","24.51.0","6","ATECO"
"24.52.00","Fusione di getti in acciaio","Casting of steel","24.52.0","6","ATECO"
"24.53.01","Fusione di getti in alluminio","Casting of aluminium","24.53.0","6","ATECO"
"24.53.02","Fusione di getti in magnesio","Casting of magnesium","24.53.0","6","ATECO"
"24.53.03","Fusione di getti in superleghe a base cobalto","Casting of cobalt","24.53.0","6","ATECO"
"24.53.09","Fusione di getti in metalli leggeri n.c.a.","Casting of light metals n.e.c.","24.53.0","6","ATECO"
"24.54.01","Fusione di getti in rame","Casting of copper","24.54.0","6","ATECO"
"24.54.02","Fusione di getti in zinco","Casting of zinc","24.54.0","6","ATECO"
"24.54.03","Fusione di getti in nichel","Casting of nickel","24.54.0","6","ATECO"
"24.54.09","Fusione di getti in altri metalli non ferrosi n.c.a.","Casting of other non-ferrous metals n.e.c.","24.54.0","6","ATECO"
"25.11.00","Fabbricazione di strutture metalliche e di parti di strutture metalliche","Manufacture of metal structures and parts of structures","25.11.0","6","ATECO"
"25.12.10","Fabbricazione di porte, finestre e loro telai, imposte e cancelli in metallo","Manufacture of metal doors, windows and their frames, shutters and gates","25.12.1","6","ATECO"
"25.12.20","Fabbricazione di tende in metallo e prodotti simili","Manufacture of metal blinds and similar products","25.12.2","6","ATECO"
"25.21.10","Fabbricazione di radiatori e contenitori in metallo per caldaie per il riscaldamento centrale","Manufacture of central heating radiators and boilers","25.21.1","6","ATECO"
"25.21.20","Fabbricazione di generatori di vapore","Manufacture of steam generators","25.21.2","6","ATECO"
"25.22.00","Fabbricazione di altre cisterne, serbatoi e contenitori in metallo","Manufacture of other tanks, reservoirs and containers of metal","25.22.0","6","ATECO"
"25.30.10","Fabbricazione di armi e munizioni per uso militare","Manufacture of military weapons and ammunition","25.30.1","6","ATECO"
"25.30.20","Fabbricazione di armi e munizioni per uso sportivo e civile","Manufacture of sporting and civilian firearms and ammunition","25.30.2","6","ATECO"
"25.40.00","Fucinatura e formatura dei metalli e metallurgia delle polveri","Forging and shaping metal and powder metallurgy","25.40.0","6","ATECO"
"25.51.00","Rivestimento dei metalli","Coating of metals","25.51.0","6","ATECO"
"25.52.00","Trattamento termico dei metalli","Heat treatment of metals","25.52.0","6","ATECO"
"25.53.00","Lavori di meccanica generale dei metalli","Machining of metals","25.53.0","6","ATECO"
"25.61.00","Fabbricazione di articoli di coltelleria e posateria","Manufacture of cutlery","25.61.0","6","ATECO"
"25.62.00","Fabbricazione di serrature e cerniere","Manufacture of locks and hinges","25.62.0","6","ATECO"
"25.63.11","Fabbricazione di utensileria ad azionamento manuale","Manufacture of hand tools","25.63.1","6","ATECO"
"25.63.12","Fabbricazione di parti intercambiabili per macchine utensili","Manufacture of interchangeable tools","25.63.1","6","ATECO"
"25.63.20","Fabbricazione di stampi, portastampi, sagome, forme per macchine","Manufacture of moulding boxes and moulds","25.63.2","6","ATECO"
"25.91.00","Fabbricazione di bidoni in acciaio e di contenitori simili","Manufacture of steel drums and similar containers","25.91.0","6","ATECO"
"25.92.00","Fabbricazione di imballaggi in metallo leggero","Manufacture of light metal packaging","25.92.0","6","ATECO"
"25.93.10","Fabbricazione di prodotti fabbricati con fili metallici","Manufacture of wire products","25.93.1","6","ATECO"
"25.93.20","Fabbricazione di catene","Manufacture of chain","25.93.2","6","ATECO"
"25.93.30","Fabbricazione di molle","Manufacture of springs","25.93.3","6","ATECO"
"25.94.00","Fabbricazione di articoli di bulloneria","Manufacture of fasteners and screw machine products","25.94.0","6","ATECO"
"25.99.10","Fabbricazione di articoli domestici in metallo per la cucina e le stanze da bagno","Manufacture of metal household articles for bathroom and kitchen","25.99.1","6","ATECO"
"25.99.20","Fabbricazione di casseforti, cassette di sicurezza e porte metalliche blindate","Manufacture of safes, strongboxes and metal armoured doors","25.99.2","6","ATECO"
"25.99.90","Fabbricazione di altri prodotti vari in metallo n.c.a.","Manufacture of other various fabricated metal products n.e.c.","25.99.9","6","ATECO"
"26.11.00","Fabbricazione di componenti elettronici","Manufacture of electronic components","26.11.0","6","ATECO"
"26.12.00","Fabbricazione di schede elettroniche integrate","Manufacture of loaded electronic boards","26.12.0","6","ATECO"
"26.20.00","Fabbricazione di computer e unità periferiche","Manufacture of computers and peripheral equipment","26.20.0","6","ATECO"
"26.30.01","Fabbricazione di apparecchiature trasmittenti radiotelevisive","Manufacture of radio and television studio and broadcasting equipment","26.30.0","6","ATECO"
"26.30.09","Fabbricazione di altre apparecchiature per le comunicazioni","Manufacture of other communication equipment","26.30.0","6","ATECO"
"26.40.01","Fabbricazione di console per videogiochi","Manufacture of video game consoles","26.40.0","6","ATECO"
"26.40.09","Fabbricazione di altri prodotti di elettronica di consumo","Manufacture of other consumer electronics","26.40.0","6","ATECO"
"26.51.10","Fabbricazione di strumenti per navigazione, idrologia, geofisica e meteorologia","Manufacture of instruments and appliances for navigation, hydrology, geophysics and meteorology","26.51.1","6","ATECO"
"26.51.21","Fabbricazione di sistemi antifurto e antincendio","Manufacture of burglar and fire alarm systems","26.51.2","6","ATECO"
"26.51.29","Fabbricazione di altri strumenti e apparecchi di misurazione e prova n.c.a.","Manufacture of other instruments and appliances for measuring and testing n.e.c.","26.51.2","6","ATECO"
"26.52.00","Fabbricazione di orologi","Manufacture of watches and clocks","26.52.0","6","ATECO"
"26.60.01","Fabbricazione di apparecchiature per irradiazione, elettromedicali ed elettroterapeutiche per usi medici","Manufacture of medical irradiation, electromedical and electrotherapeutic equipment","26.60.0","6","ATECO"
"26.60.02","Fabbricazione di apparecchiature per irradiazione, elettromedicali ed elettroterapeutiche per usi non medici","Manufacture of non-medical irradiation, electromedical and electrotherapeutic equipment","26.60.0","6","ATECO"
"26.70.11","Fabbricazione di strumenti ottici e strumenti ottici di precisione","Manufacture of optical instruments and optical precision tools","26.70.1","6","ATECO"
"26.70.12","Fabbricazione di strumenti ottici di misurazione e controllo","Manufacture of optical measuring and checking devices and instruments","26.70.1","6","ATECO"
"26.70.20","Fabbricazione di supporti magnetici e ottici","Manufacture of magnetic and optical media","26.70.2","6","ATECO"
"26.70.30","Fabbricazione di apparecchiature fotografiche","Manufacture of photographic equipment","26.70.3","6","ATECO"
"27.11.00","Fabbricazione di motori, generatori e trasformatori elettrici","Manufacture of electric motors, generators and transformers","27.11.0","6","ATECO"
"27.12.00","Fabbricazione di apparecchiature per la distribuzione e il controllo dell'elettricità","Manufacture of electricity distribution and control apparatus","27.12.0","6","ATECO"
"27.20.00","Fabbricazione di batterie e accumulatori","Manufacture of batteries and accumulators","27.20.0","6","ATECO"
"27.31.00","Fabbricazione di cavi in fibra ottica","Manufacture of fibre optic cables","27.31.0","6","ATECO"
"27.32.00","Fabbricazione di altri fili e cavi elettronici ed elettrici","Manufacture of other electronic and electric wires and cables","27.32.0","6","ATECO"
"27.33.00","Fabbricazione di attrezzature per cablaggio","Manufacture of wiring devices","27.33.0","6","ATECO"
"27.40.01","Fabbricazione di apparecchiature per l'illuminazione per mezzi di trasporto","Manufacture of lighting equipment for transportation equipment","27.40.0","6","ATECO"
"27.40.02","Fabbricazione di luminarie per feste","Manufacture of festive illuminations","27.40.0","6","ATECO"
"27.40.09","Fabbricazione di altre apparecchiature per l'illuminazione","Manufacture of other lighting equipment","27.40.0","6","ATECO"
"27.51.00","Fabbricazione di elettrodomestici","Manufacture of electric domestic appliances","27.51.0","6","ATECO"
"27.52.00","Fabbricazione di apparecchi non elettrici per uso domestico","Manufacture of non-electric domestic appliances","27.52.0","6","ATECO"
"27.90.01","Fabbricazione di apparecchiature elettriche per saldatura e brasatura","Manufacture of electrical welding and soldering equipment","27.90.0","6","ATECO"
"27.90.02","Fabbricazione di insegne elettriche e apparecchiature elettriche di segnalazione","Manufacture of electrical signs and electrical signalling equipment","27.90.0","6","ATECO"
"27.90.03","Fabbricazione di capacitori, resistenze, condensatori elettrici e simili","Manufacture of electrical capacitors, resistors, condensers and similar components","27.90.0","6","ATECO"
"27.90.04","Fabbricazione di apparecchiature elettriche per parrucchieri, solarium e centri estetici","Manufacture of electrical equipment for hairdressers, solariums and beauty centres","27.90.0","6","ATECO"
"27.90.09","Fabbricazione di altre apparecchiature elettriche n.c.a.","Manufacture of other electrical equipment n.e.c.","27.90.0","6","ATECO"
"28.11.10","Fabbricazione di motori, esclusi motori per aeromobili, veicoli e motocicli","Manufacture of engines, except aircraft, vehicle and cycle engines","28.11.1","6","ATECO"
"28.11.20","Fabbricazione di turbine","Manufacture of turbines","28.11.2","6","ATECO"
"28.12.00","Fabbricazione di apparecchiature fluidodinamiche","Manufacture of fluid power equipment","28.12.0","6","ATECO"
"28.13.00","Fabbricazione di altre pompe e compressori","Manufacture of other pumps and compressors","28.13.0","6","ATECO"
"28.14.00","Fabbricazione di altri rubinetti e valvole","Manufacture of other taps and valves","28.14.0","6","ATECO"
"28.15.00","Fabbricazione di cuscinetti, ingranaggi e organi di trasmissione","Manufacture of bearings, gears, gearing and driving elements","28.15.0","6","ATECO"
"28.21.10","Fabbricazione di forni","Manufacture of ovens and furnaces","28.21.1","6","ATECO"
"28.21.20","Fabbricazione di caldaie e apparecchiature fisse per il riscaldamento domestico","Manufacture of permanent household heating equipment","28.21.2","6","ATECO"
"28.22.01","Fabbricazione di ascensori, scale mobili e tappeti mobili","Manufacture of lifts, escalators and moving walkways","28.22.0","6","ATECO"
"28.22.09","Fabbricazione di altri apparecchi di sollevamento e movimentazione","Manufacture of other lifting and handling equipment","28.22.0","6","ATECO"
"28.23.00","Fabbricazione di macchine e attrezzature per ufficio, esclusi computer e unità periferiche","Manufacture of office machinery and equipment, except computers and peripheral equipment","28.23.0","6","ATECO"
"28.24.00","Fabbricazione di utensili portatili a motore","Manufacture of power-driven hand tools","28.24.0","6","ATECO"
"28.25.00","Fabbricazione di apparecchiature di climatizzazione per uso non domestico","Manufacture of non-domestic air conditioning equipment","28.25.0","6","ATECO"
"28.29.10","Fabbricazione di bilance e distributori automatici","Manufacture of weighing machinery and automatic goods vending machines","28.29.1","6","ATECO"
"28.29.20","Fabbricazione di impianti di distillazione o rettificazione per raffinerie di petrolio e industrie chimiche","Manufacture of distilling or rectifying plant for petroleum refineries and chemical industries","28.29.2","6","ATECO"
"28.29.30","Fabbricazione di macchine per la dosatura, la confezione e per l'imballaggio","Manufacture of packing and wrapping machinery","28.29.3","6","ATECO"
"28.29.41","Fabbricazione di macchine per la pulizia di pavimenti, superfici e ambienti per uso non domestico","Manufacture of cleaning machines for cleaning floors, surfaces and rooms for non-domestic use","28.29.4","6","ATECO"
"28.29.49","Fabbricazione di altre macchine per la pulizia per uso non domestico","Manufacture of other cleaning machines for non-domestic use","28.29.4","6","ATECO"
"28.29.91","Fabbricazione di apparecchi per depurare e filtrare liquidi","Manufacture of filtering or purifying machinery and apparatus for liquids","28.29.9","6","ATECO"
"28.29.92","Fabbricazione di livelle, metri doppi a nastro e utensili simili, strumenti di precisione per meccanica","Manufacture of levels, tape measures and similar hand tools, machinists' precision tools","28.29.9","6","ATECO"
"28.29.99","Fabbricazione di altre macchine varie di impiego generale n.c.a.","Manufacture of other various general-purpose machinery n.e.c.","28.29.9","6","ATECO"
"28.30.10","Fabbricazione di trattori per l'agricoltura e la silvicoltura","Manufacture of agriculture and forestry tractors","28.30.1","6","ATECO"
"28.30.91","Fabbricazione di macchine per il giardinaggio e la cura del verde","Manufacture of gardening and landscaping machinery","28.30.9","6","ATECO"
"28.30.99","Fabbricazione di altre macchine per l'agricoltura e la silvicoltura n.c.a.","Manufacture of other agricultural and forestry machinery n.e.c.","28.30.9","6","ATECO"
"28.41.00","Fabbricazione di macchine per la deformazione dei metalli e di altre macchine utensili per la lavorazione dei metalli","Manufacture of metal forming machinery and machine tools for metal work","28.41.0","6","ATECO"
"28.42.00","Fabbricazione di altre macchine utensili","Manufacture of other machine tools","28.42.0","6","ATECO"
"28.91.00","Fabbricazione di macchine per la metallurgia","Manufacture of machinery for metallurgy","28.91.0","6","ATECO"
"28.92.00","Fabbricazione di macchine da miniera, cava e cantiere","Manufacture of machinery for mining, quarrying and construction","28.92.0","6","ATECO"
"28.93.00","Fabbricazione di macchine per l'industria alimentare, delle bevande e del tabacco","Manufacture of machinery for food, beverage and tobacco processing","28.93.0","6","ATECO"
"28.94.10","Fabbricazione di macchine tessili","Manufacture of textile machinery","28.94.1","6","ATECO"
"28.94.20","Fabbricazione di macchine per la lavorazione delle pelli e del cuoio","Manufacture of leather machinery","28.94.2","6","ATECO"
"28.94.30","Fabbricazione di macchine per lavanderie e stirerie","Manufacture of laundry machinery","28.94.3","6","ATECO"
"28.95.00","Fabbricazione di macchine per l'industria della carta e del cartone","Manufacture of machinery for paper and paperboard production","28.95.0","6","ATECO"
"28.96.00","Fabbricazione di macchine per l'industria delle materie plastiche e della gomma","Manufacture of plastics and rubber machinery","28.96.0","6","ATECO"
"28.97.01","Fabbricazione di macchine per la produzione additiva per deposizione di materiali metallici","Manufacture of additive manufacturing machinery by metal deposit","28.97.0","6","ATECO"
"28.97.02","Fabbricazione di macchine per la produzione additiva per deposizione di materie plastiche o di gomma","Manufacture of additive manufacturing machinery by plastics or rubber deposit","28.97.0","6","ATECO"
"28.97.09","Fabbricazione di macchine per la produzione additiva n.c.a.","Manufacture of additive manufacturing machinery n.e.c.","28.97.0","6","ATECO"
"28.99.10","Fabbricazione di macchine per la stampa e la legatoria","Manufacture of printing and bookbinding machines","28.99.1","6","ATECO"
"28.99.20","Fabbricazione di robot industriali con compiti multipli per scopi speciali","Manufacture of industrial robots for multiple uses","28.99.2","6","ATECO"
"28.99.91","Fabbricazione di apparecchiature per il lancio di aeromobili, catapulte per portaerei e relative attrezzature","Manufacture of aircraft launching gear, aircraft carrier catapults and related equipment","28.99.9","6","ATECO"
"28.99.92","Fabbricazione di giostre, altalene e altre attrazioni di divertimento","Manufacture of roundabouts, swings and other fairground amusements","28.99.9","6","ATECO"
"28.99.93","Fabbricazione di apparecchiature per l'allineamento e il bilanciamento delle ruote e altre apparecchiature per il bilanciamento","Manufacture of tyre alignment and balancing equipment and other balancing equipment","28.99.9","6","ATECO"
"28.99.99","Fabbricazione di tutte le altre macchine varie per impieghi speciali n.c.a.","Manufacture of all other various special-purpose machinery n.e.c.","28.99.9","6","ATECO"
"29.10.00","Fabbricazione di autoveicoli","Manufacture of motor vehicles","29.10.0","6","ATECO"
"29.20.00","Fabbricazione di carrozzerie per autoveicoli; fabbricazione di rimorchi e semirimorchi","Manufacture of bodies and coachwork for motor vehicles; manufacture of trailers and semi-trailers","29.20.0","6","ATECO"
"29.31.00","Fabbricazione di apparecchiature elettriche ed elettroniche per autoveicoli","Manufacture of electrical and electronic equipment for motor vehicles","29.31.0","6","ATECO"
"29.32.00","Fabbricazione di altre parti e accessori per autoveicoli","Manufacture of other parts and accessories for motor vehicles","29.32.0","6","ATECO"
"30.11.00","Costruzione di navi e di strutture galleggianti per scopi civili","Building of civilian ships and floating structures","30.11.0","6","ATECO"
"30.12.00","Costruzione di imbarcazioni da diporto e sportive","Building of pleasure and sporting boats","30.12.0","6","ATECO"
"30.13.00","Costruzione di navi e imbarcazioni per scopi militari","Building of military ships and vessels","30.13.0","6","ATECO"
"30.20.00","Costruzione di locomotive e di materiale rotabile ferro-tranviario","Manufacture of railway locomotives and rolling stock","30.20.0","6","ATECO"
"30.31.00","Fabbricazione di aeromobili, veicoli spaziali e relativi equipaggiamenti per scopi civili","Manufacture of civilian air and spacecraft and related machinery","30.31.0","6","ATECO"
"30.32.00","Fabbricazione di aeromobili, veicoli spaziali e relativi equipaggiamenti per scopi militari","Manufacture of military air and spacecraft and related machinery","30.32.0","6","ATECO"
"30.40.00","Fabbricazione di veicoli militari da combattimento","Manufacture of military fighting vehicles","30.40.0","6","ATECO"
"30.91.11","Fabbricazione di motori per motocicli","Manufacture of engines for motorcycles","30.91.1","6","ATECO"
"30.91.12","Fabbricazione di motocicli, esclusi motori","Manufacture of motorcycles, other than engines","30.91.1","6","ATECO"
"30.91.20","Fabbricazione di parti e accessori per motocicli","Manufacture of parts and accessories for motorcycles","30.91.2","6","ATECO"
"30.92.10","Fabbricazione di biciclette, escluse parti e accessori","Manufacture of bicycles, other than parts and accessories","30.92.1","6","ATECO"
"30.92.20","Fabbricazione di parti e accessori per biciclette","Manufacture of parts and accessories for bicycles","30.92.2","6","ATECO"
"30.92.30","Fabbricazione di veicoli per disabili","Manufacture of invalid carriages","30.92.3","6","ATECO"
"30.92.40","Fabbricazione di carrozzine e passeggini","Manufacture of baby carriages","30.92.4","6","ATECO"
"30.99.00","Fabbricazione di altri mezzi di trasporto n.c.a.","Manufacture of other transport equipment n.e.c.","30.99.0","6","ATECO"
"31.00.11","Fabbricazione di moduli dedicati al comfort acustico per negozi, uffici e altri spazi per collettività","Manufacture of acoustic absorbing furniture for shops, offices and other similar places","31.00.1","6","ATECO"
"31.00.12","Fabbricazione di sedie e poltrone per negozi","Manufacture of chairs and seats for shops","31.00.1","6","ATECO"
"31.00.13","Fabbricazione di altri mobili per negozi","Manufacture of furniture for shops other than chairs and seats","31.00.1","6","ATECO"
"31.00.14","Fabbricazione di sedie e poltrone per uffici e altri spazi per collettività","Manufacture of chairs and seats for offices and other similar places","31.00.1","6","ATECO"
"31.00.15","Fabbricazione di altri mobili per uffici e altri spazi per collettività","Manufacture of furniture for offices and other similar places other than chairs and seats","31.00.1","6","ATECO"
"31.00.20","Fabbricazione di mobili da cucina","Manufacture of kitchen furniture","31.00.2","6","ATECO"
"31.00.31","Fabbricazione di mobili per arredo interno, esclusi mobili da cucina, sedie, divani e prodotti simili","Manufacture of home furniture, excluding kitchen furniture, chairs, sofas and similar products","31.00.3","6","ATECO"
"31.00.32","Fabbricazione di mobili per arredo esterno","Manufacture of outdoor furniture","31.00.3","6","ATECO"
"31.00.33","Fabbricazione di sedie e sedili","Manufacture of chairs and seats","31.00.3","6","ATECO"
"31.00.34","Fabbricazione di divani, divani letto e poltrone","Manufacture of sofas, sofa beds and sofa sets","31.00.3","6","ATECO"
"31.00.35","Fabbricazione di materassi","Manufacture of mattresses","31.00.3","6","ATECO"
"31.00.36","Fabbricazione di parti e accessori di mobili","Manufacture of furniture parts and accessories","31.00.3","6","ATECO"
"31.00.37","Finitura di mobili","Finishing of furniture","31.00.3","6","ATECO"
"31.00.39","Fabbricazione di altri mobili n.c.a.","Manufacture of other furniture n.e.c.","31.00.3","6","ATECO"
"32.11.00","Coniazione di monete","Striking of coins","32.11.0","6","ATECO"
"32.12.10","Lavorazione di pietre preziose e semipreziose","Production of precious and semi-precious stones in the worked state","32.12.1","6","ATECO"
"32.12.20","Fabbricazione di gioielli e articoli di oreficeria in metalli preziosi","Manufacture of jewellery and goldsmiths' articles of precious metals","32.12.2","6","ATECO"
"32.13.00","Fabbricazione di bigiotteria e articoli simili","Manufacture of imitation jewellery and related articles","32.13.0","6","ATECO"
"32.20.00","Fabbricazione di strumenti musicali","Manufacture of musical instruments","32.20.0","6","ATECO"
"32.30.01","Fabbricazione di attrezzature da palestra, per centri di fitness e per atletica","Manufacture of gymnasium, fitness centre or athletic equipment","32.30.0","6","ATECO"
"32.30.09","Fabbricazione di altri articoli sportivi","Manufacture of other sports goods","32.30.0","6","ATECO"
"32.40.10","Fabbricazione di giochi","Manufacture of games","32.40.1","6","ATECO"
"32.40.20","Fabbricazione di giocattoli","Manufacture of toys","32.40.2","6","ATECO"
"32.50.10","Fabbricazione di protesi dentarie","Manufacture of dentures","32.50.1","6","ATECO"
"32.50.20","Fabbricazione di altre protesi e ausili","Manufacture of other prosthetic devices and aids","32.50.2","6","ATECO"
"32.50.30","Fabbricazione di lenti oftalmiche","Manufacture of ophthalmic lenses","32.50.3","6","ATECO"
"32.50.40","Fabbricazione di montature per occhiali","Manufacture of eyeglass frames","32.50.4","6","ATECO"
"32.50.51","Fabbricazione di strumenti e apparecchiature mediche e dentistiche","Manufacture of medical and dental instruments and appliances","32.50.5","6","ATECO"
"32.50.52","Fabbricazione di forniture mediche e dentistiche","Manufacture of medical and dental supplies","32.50.5","6","ATECO"
"32.50.53","Fabbricazione di mobili per uso medico e dentistico","Manufacture of medical and dental furniture","32.50.5","6","ATECO"
"32.91.00","Fabbricazione di scope e spazzole","Manufacture of brooms and brushes","32.91.0","6","ATECO"
"32.99.10","Fabbricazione di dispositivi protettivi di sicurezza","Manufacture of protective safety equipment","32.99.1","6","ATECO"
"32.99.20","Fabbricazione di ombrelli, bottoni, chiusure lampo, parrucche e affini","Manufacture of umbrellas, buttons, zippers, wigs and similar articles","32.99.2","6","ATECO"
"32.99.30","Fabbricazione di articoli di cancelleria","Manufacture of stationery articles","32.99.3","6","ATECO"
"32.99.40","Fabbricazione di casse funebri","Manufacture of burial coffins","32.99.4","6","ATECO"
"32.99.91","Fabbricazione di sigarette elettroniche","Manufacture of electronic cigarettes","32.99.9","6","ATECO"
"32.99.99","Fabbricazione di altri articoli vari n.c.a.","Manufacture of other various articles n.e.c.","32.99.9","6","ATECO"
"33.11.01","Riparazione e manutenzione di cisterne, serbatoi e contenitori in metallo","Repair and maintenance of metal tanks, reservoirs and containers","33.11.0","6","ATECO"
"33.11.02","Riparazione e manutenzione di utensileria ad azionamento manuale","Repair and maintenance of hand tools","33.11.0","6","ATECO"
"33.11.03","Riparazione e manutenzione di stampi, portastampi, sagome, forme per macchine","Repair and maintenance of moulding boxes and moulds","33.11.0","6","ATECO"
"33.11.04","Riparazione e manutenzione di casseforti, cassette di sicurezza, porte metalliche blindate","Repair and maintenance of safes, strongboxes and metal armoured doors","33.11.0","6","ATECO"
"33.11.05","Riparazione e manutenzione di armi da fuoco militari, di ordinanza e artiglieria","Repair and maintenance of military weapons, ordnance and artillery","33.11.0","6","ATECO"
"33.11.06","Riparazione e manutenzione di armi per uso sportivo e civile","Repair and maintenance of sporting and civilian firearms","33.11.0","6","ATECO"
"33.11.09","Riparazione e manutenzione di altri prodotti in metallo","Repair and maintenance of other fabricated metal products","33.11.0","6","ATECO"
"33.12.10","Riparazione e manutenzione di motori, turbine, pompe, compressori e altri elementi simili","Repair and maintenance of engines, pumps, compressors and other similar machinery","33.12.1","6","ATECO"
"33.12.20","Riparazione e manutenzione di caldaie per processi industriali","Repair and maintenance of industrial process furnaces","33.12.2","6","ATECO"
"33.12.30","Riparazione e manutenzione di apparecchi di sollevamento e movimentazione","Repair and maintenance of lifting and handling equipment","33.12.3","6","ATECO"
"33.12.40","Riparazione e manutenzione di impianti di refrigerazione industriale e di depurazione dell'aria","Repair and maintenance of industrial refrigeration equipment and air-purifying equipment","33.12.4","6","ATECO"
"33.12.51","Riparazione e manutenzione di macchine e attrezzature per ufficio","Repair and maintenance of office machinery and equipment","33.12.5","6","ATECO"
"33.12.52","Riparazione e manutenzione di bilance e distributori automatici","Repair and maintenance of weighing machinery and automatic goods vending machines","33.12.5","6","ATECO"
"33.12.53","Riparazione e manutenzione di impianti di distillazione o rettificazione per raffinerie di petrolio e industrie chimiche","Repair and maintenance of distilling or rectifying plant for petroleum refineries and chemical industries","33.12.5","6","ATECO"
"33.12.54","Riparazione e manutenzione di macchine per impacchettare e imballare","Repair and maintenance of packing and wrapping machinery","33.12.5","6","ATECO"
"33.12.59","Riparazione e manutenzione di altre macchine di impiego generale n.c.a.","Repair and maintenance of other general-purpose machinery n.e.c.","33.12.5","6","ATECO"
"33.12.60","Riparazione e manutenzione di trattori agricoli","Repair and maintenance of agricultural tractors","33.12.6","6","ATECO"
"33.12.70","Riparazione e manutenzione di altre macchine per l'agricoltura e la silvicoltura","Repair and maintenance of other machinery used in agriculture and forestry","33.12.7","6","ATECO"
"33.12.91","Affilatura di lame e seghe per macchinari","Sharpening of machinery blades and saws","33.12.9","6","ATECO"
"33.12.92","Riparazione e manutenzione di giostre, altalene e altre attrazioni di divertimento","Repair and maintenance of roundabouts, swings and other fairground amusements","33.12.9","6","ATECO"
"33.12.99","Riparazione e manutenzione di altre macchine per impieghi speciali n.c.a.","Repair and maintenance of other special-purpose machinery n.e.c.","33.12.9","6","ATECO"
"33.13.01","Riparazione e manutenzione di apparecchiature per irradiazione, elettromedicali ed elettroterapeutiche","Repair and maintenance of irradiation, electromedical and electrotherapeutic equipment","33.13.0","6","ATECO"
"33.13.02","Riparazione e manutenzione di strumenti e apparecchiature ottiche","Repair and maintenance of optical instruments and equipment","33.13.0","6","ATECO"
"33.13.09","Riparazione e manutenzione di altre apparecchiature elettroniche e ottiche","Repair and maintenance of other electronic and optical equipment","33.13.0","6","ATECO"
"33.14.00","Riparazione e manutenzione di apparecchiature elettriche","Repair and maintenance of electrical equipment","33.14.0","6","ATECO"
"33.15.00","Riparazione e manutenzione di navi e imbarcazioni per scopi civili","Repair and maintenance of civilian ships and boats","33.15.0","6","ATECO"
"33.16.00","Riparazione e manutenzione di aeromobili e veicoli spaziali per scopi civili","Repair and maintenance of civilian air and spacecraft","33.16.0","6","ATECO"
"33.17.00","Riparazione e manutenzione di altri mezzi di trasporto per scopi civili","Repair and maintenance of other civilian transport equipment","33.17.0","6","ATECO"
"33.18.10","Riparazione e manutenzione di veicoli da combattimento per scopi militari","Repair and maintenance of military fighting vehicles","33.18.1","6","ATECO"
"33.18.20","Riparazione e manutenzione di navi e imbarcazioni per scopi militari","Repair and maintenance of military ships and boats","33.18.2","6","ATECO"
"33.18.30","Riparazione e manutenzione di aeromobili e veicoli spaziali per scopi militari","Repair and maintenance of military air and spacecraft","33.18.3","6","ATECO"
"33.19.00","Riparazione e manutenzione di altre apparecchiature","Repair and maintenance of other equipment","33.19.0","6","ATECO"
"33.20.01","Installazione di motori, generatori e trasformatori elettrici e di apparecchiature per la distribuzione e il controllo della elettricità","Installation of electric motors, generators, transformers and electricity distribution and control apparatus","33.20.0","6","ATECO"
"33.20.02","Installazione di apparecchiature per le comunicazioni e di apparecchiature radiotelevisive","Installation of communication, radio and television equipment","33.20.0","6","ATECO"
"33.20.03","Installazione di strumenti e apparecchi di misurazione e controllo","Installation of measurement and testing equipment","33.20.0","6","ATECO"
"33.20.04","Installazione di cisterne, serbatoi e contenitori in metallo","Installation of metal tanks, reservoirs and containers","33.20.0","6","ATECO"
"33.20.05","Installazione di generatori di vapore","Installation of steam or other generating boilers","33.20.0","6","ATECO"
"33.20.06","Installazione di macchinari e attrezzature per ufficio","Installation of professional office machinery and equipment","33.20.0","6","ATECO"
"33.20.07","Installazione di strumenti e apparecchiature mediche e dentistiche","Installation of medical and dental instruments and appliances","33.20.0","6","ATECO"
"33.20.09","Installazione di altre macchine e apparecchiature industriali","Installation of other industrial machinery and equipment","33.20.0","6","ATECO"
"35.11.00","Produzione di energia elettrica da fonti non rinnovabili","Production of electricity from non-renewable sources","35.11.0","6","ATECO"
"35.12.00","Produzione di energia elettrica da fonti rinnovabili","Production of electricity from renewable sources","35.12.0","6","ATECO"
"35.13.00","Trasmissione di energia elettrica","Transmission of electricity","35.13.0","6","ATECO"
"35.14.00","Distribuzione di energia elettrica","Distribution of electricity","35.14.0","6","ATECO"
"35.15.00","Commercio di energia elettrica","Trade of electricity","35.15.0","6","ATECO"
"35.16.00","Stoccaggio di energia elettrica","Storage of electricity","35.16.0","6","ATECO"
"35.21.00","Produzione di gas","Manufacture of gas","35.21.0","6","ATECO"
"35.22.00","Distribuzione di combustibili gassosi mediante condotte","Distribution of gaseous fuels through mains","35.22.0","6","ATECO"
"35.23.00","Commercio di gas distribuito mediante condotte","Trade of gas through mains","35.23.0","6","ATECO"
"35.24.00","Stoccaggio di gas nell'ambito dei servizi di fornitura della rete","Storage of gas as part of network supply services","35.24.0","6","ATECO"
"35.30.00","Fornitura di vapore e aria condizionata","Steam and air conditioning supply","35.30.0","6","ATECO"
"35.40.00","Attività di servizi di intermediazione per l'energia elettrica e il gas naturale","Activities of brokers and agents for electric power and natural gas","35.40.0","6","ATECO"
"36.00.00","Raccolta, trattamento e fornitura di acqua","Water collection, treatment and supply","36.00.0","6","ATECO"
"37.00.00","Gestione delle reti fognarie","Sewerage","37.00.0","6","ATECO"
"38.11.00","Raccolta di rifiuti non pericolosi","Collection of non-hazardous waste","38.11.0","6","ATECO"
"38.12.00","Raccolta di rifiuti pericolosi","Collection of hazardous waste","38.12.0","6","ATECO"
"38.21.11","Smantellamento di carcasse di navi per il recupero dei materiali","Dismantling of wrecks of ships for materials recovery","38.21.1","6","ATECO"
"38.21.12","Smantellamento di altre carcasse","Dismantling of wrecks of any type for materials recovery, other than ships","38.21.1","6","ATECO"
"38.21.20","Recupero dei materiali da rifiuti metallici","Recovery of materials from metal waste","38.21.2","6","ATECO"
"38.21.30","Recupero dei materiali da rifiuti plastici","Recovery of materials from plastics waste","38.21.3","6","ATECO"
"38.21.40","Recupero dei materiali da altri rifiuti","Recovery of materials from other waste","38.21.4","6","ATECO"
"38.22.00","Recupero di energia","Energy recovery","38.22.0","6","ATECO"
"38.23.00","Altre attività di recupero dei rifiuti","Other waste recovery","38.23.0","6","ATECO"
"38.31.00","Incenerimento senza recupero di energia","Incineration without energy recovery","38.31.0","6","ATECO"
"38.32.00","Conferimento in discarica o stoccaggio permanente","Landfilling or permanent storage","38.32.0","6","ATECO"
"38.33.00","Altre attività di smaltimento dei rifiuti","Other waste disposal","38.33.0","6","ATECO"
"39.00.01","Attività di rimozione di amianto, vernici a base di piombo e altri materiali tossici","Asbestos, lead paint, and other toxic material abatement","39.00.0","6","ATECO"
"39.00.09","Attività di risanamento e altri servizi di gestione dei rifiuti n.c.a.","Remediation activities and other waste management service activities n.e.c.","39.00.0","6","ATECO"
"41.00.00","Costruzione di edifici residenziali e non residenziali","Construction of residential and non-residential buildings","41.00.0","6","ATECO"
"42.11.00","Costruzione di strade e autostrade","Construction of roads and motorways","42.11.0","6","ATECO"
"42.12.00","Costruzione di linee ferroviarie e metropolitane","Construction of railways and underground railways","42.12.0","6","ATECO"
"42.13.00","Costruzione di ponti e gallerie","Construction of bridges and tunnels","42.13.0","6","ATECO"
"42.21.00","Costruzione di opere di pubblica utilità per il trasporto dei fluidi","Construction of utility projects for fluids","42.21.0","6","ATECO"
"42.22.00","Costruzione di opere di pubblica utilità per l'energia elettrica e le telecomunicazioni","Construction of utility projects for electricity and telecommunications","42.22.0","6","ATECO"
"42.91.00","Costruzione di opere idrauliche","Construction of water projects","42.91.0","6","ATECO"
"42.99.00","Costruzione di altre opere di ingegneria civile n.c.a.","Construction of other civil engineering projects n.e.c.","42.99.0","6","ATECO"
"43.11.00","Demolizione","Demolition","43.11.0","6","ATECO"
"43.12.01","Preparazione del sito per scavi archeologici","Site preparation for archaeological excavation","43.12.0","6","ATECO"
"43.12.09","Altre attività di preparazione del cantiere edile","Other site preparation activities","43.12.0","6","ATECO"
"43.13.00","Trivellazioni e perforazioni","Test drilling and boring","43.13.0","6","ATECO"
"43.21.01","Installazione di impianti di illuminazione e fotovoltaici in edifici","Installation of lighting and photovoltaic systems on buildings","43.21.0","6","ATECO"
"43.21.02","Installazione di cablaggi per telecomunicazioni e altre reti","Installation of telecommunication wiring and other similar systems","43.21.0","6","ATECO"
"43.21.03","Installazione di impianti di illuminazione stradale e di piste aeroportuali","Installation of street lighting and airport runway lighting","43.21.0","6","ATECO"
"43.21.04","Installazione di insegne elettriche e luminarie per feste","Installation of electrical signs and decorative lights","43.21.0","6","ATECO"
"43.21.05","Installazione di impianti di illuminazione elettrica votiva e cimiteriale","Installation of electrical votive and cemetery lighting systems","43.21.0","6","ATECO"
"43.22.01","Installazione di impianti geotermici","Installation of geothermal systems","43.22.0","6","ATECO"
"43.22.02","Installazione di impianti di depurazione per piscine","Installation of pool filter systems","43.22.0","6","ATECO"
"43.22.03","Installazione di impianti di spegnimento di incendi","Installation of fire sprinkler systems","43.22.0","6","ATECO"
"43.22.04","Installazione di impianti di irrigazione per giardini","Installation of lawn sprinkler systems","43.22.0","6","ATECO"
"43.22.05","Installazione di altri impianti termo-idraulici","Installation of other thermo-hydraulic plumbing systems","43.22.0","6","ATECO"
"43.22.06","Installazione di impianti per la distribuzione del gas","Installation of gas distribution systems","43.22.0","6","ATECO"
"43.22.07","Installazione di impianti di riscaldamento e di condizionamento dell'aria","Installation of heat and air-conditioning systems","43.22.0","6","ATECO"
"43.23.00","Installazione di sistemi per l'isolamento","Installation of insulation","43.23.0","6","ATECO"
"43.24.01","Installazione di ascensori e scale mobili","Installation of elevators and escalators","43.24.0","6","ATECO"
"43.24.02","Installazione di insegne non elettriche","Installation of non-electrical signs","43.24.0","6","ATECO"
"43.24.09","Altri lavori di installazione edili n.c.a.","Other construction installation n.e.c.","43.24.0","6","ATECO"
"43.31.01","Posa in opera di cartongesso","Dry-walling of walls","43.31.0","6","ATECO"
"43.31.02","Altri lavori di intonacatura","Other plastering activities","43.31.0","6","ATECO"
"43.32.01","Posa in opera di porte blindate","Installation of armoured doors","43.32.0","6","ATECO"
"43.32.02","Posa in opera di porte non blindate, finestre, arredi, controsoffitti, pareti mobili e simili","Installation of non-armoured doors and windows, ceilings, movable partitions and other joinery installation","43.32.0","6","ATECO"
"43.33.00","Rivestimento di pavimenti e di pareti","Floor and wall covering","43.33.0","6","ATECO"
"43.34.01","Tinteggiatura","Painting","43.34.0","6","ATECO"
"43.34.02","Posa in opera di vetri","Glazing","43.34.0","6","ATECO"
"43.35.00","Altri lavori di completamento e finitura degli edifici","Other building completion and finishing","43.35.0","6","ATECO"
"43.41.00","Realizzazione di coperture","Roofing activities","43.41.0","6","ATECO"
"43.42.00","Altri lavori di costruzione specializzati nella costruzione di edifici","Other specialised construction activities in construction of buildings","43.42.0","6","ATECO"
"43.50.00","Lavori di costruzione specializzati nell'ingegneria civile","Specialised construction activities in civil engineering","43.50.0","6","ATECO"
"43.60.00","Attività di servizi di intermediazione per servizi di costruzione specializzati","Intermediation service activities for specialised construction services","43.60.0","6","ATECO"
"43.91.00","Lavori di muratura","Masonry and bricklaying activities","43.91.0","6","ATECO"
"43.99.01","Noleggio di gru e altre attrezzature edili con operatore","Rental of cranes and other building equipment with operator","43.99.0","6","ATECO"
"43.99.02","Interventi su siti ed edifici storici e archeologici","Activities on historical and archaeological sites and buildings","43.99.0","6","ATECO"
"43.99.09","Altri lavori vari di costruzione specializzati n.c.a.","Other various specialised construction activities n.e.c.","43.99.0","6","ATECO"
"46.11.01","Attività di intermediari del commercio all'ingrosso di materie prime agricole","Activities of agents involved in the wholesale of agricultural raw materials","46.11.0","6","ATECO"
"46.11.02","Attività di intermediari del commercio all'ingrosso di fiori e piante","Activities of agents involved in the wholesale of flowers and plants","46.11.0","6","ATECO"
"46.11.03","Attività di intermediari del commercio all'ingrosso di animali vivi","Activities of agents involved in the wholesale of live animals","46.11.0","6","ATECO"
"46.11.04","Attività di intermediari del commercio all'ingrosso di materie prime tessili e semilavorati","Activities of agents involved in the wholesale of textile raw materials and semi-finished goods","46.11.0","6","ATECO"
"46.12.01","Attività di intermediari del commercio all'ingrosso di combustibili liquidi e gassosi","Activities of agents involved in the wholesale of liquid and gaseous fuels","46.12.0","6","ATECO"
"46.12.02","Attività di intermediari del commercio all'ingrosso di combustibili solidi","Activities of agents involved in the wholesale of solid fuels","46.12.0","6","ATECO"
"46.12.03","Attività di intermediari del commercio all'ingrosso di minerali e metalli","Activities of agents involved in the wholesale of ores and metals","46.12.0","6","ATECO"
"46.12.04","Attività di intermediari del commercio all'ingrosso di fertilizzanti e altri prodotti chimici per l'agricoltura","Activities of agents involved in the wholesale of fertilisers and agrochemical products","46.12.0","6","ATECO"
"46.12.05","Attività di intermediari del commercio all'ingrosso di prodotti chimici per l'industria","Activities of agents involved in the wholesale of industrial chemicals","46.12.0","6","ATECO"
"46.13.01","Attività di intermediari del commercio all'ingrosso di legname","Activities of agents involved in the wholesale of timber","46.13.0","6","ATECO"
"46.13.02","Attività di intermediari del commercio all'ingrosso di pitture, vernici e lacche","Activities of agents involved in the wholesale of paints, varnishes and lacquers","46.13.0","6","ATECO"
"46.13.03","Attività di intermediari del commercio all'ingrosso di altri materiali da costruzione","Activities of agents involved in the wholesale of other building materials","46.13.0","6","ATECO"
"46.14.01","Attività di intermediari del commercio all'ingrosso di macchine e attrezzature per l'industria e il commercio","Activities of agents involved in the wholesale of machinery and industrial equipment for use in industry and trade","46.14.0","6","ATECO"
"46.14.02","Attività di intermediari del commercio all'ingrosso di macchine e attrezzature per l'edilizia","Activities of agents involved in the wholesale of machinery and industrial equipment for use in construction","46.14.0","6","ATECO"
"46.14.03","Attività di intermediari del commercio all'ingrosso di macchine per ufficio, computer e apparecchiature per le comunicazioni","Activities of agents involved in the wholesale of office machinery, computers and communication equipment","46.14.0","6","ATECO"
"46.14.04","Attività di intermediari del commercio all'ingrosso di attrezzature agricole","Activities of agents involved in the wholesale of agricultural equipment","46.14.0","6","ATECO"
"46.14.05","Attività di intermediari del commercio all'ingrosso di navi e aeromobili","Activities of agents involved in the wholesale of ships and aircraft","46.14.0","6","ATECO"
"46.15.01","Attività di intermediari del commercio all'ingrosso di mobili in legno, metallo e materie plastiche","Activities of agents involved in the wholesale of furniture made of wood, metal and plastic","46.15.0","6","ATECO"
"46.15.02","Attività di intermediari del commercio all'ingrosso di altri mobili e oggetti di arredamento per la casa","Activities of agents involved in the wholesale of furniture made of other materials and of home furnishings","46.15.0","6","ATECO"
"46.15.03","Attività di intermediari del commercio all'ingrosso di apparecchiature di riscaldamento, ventilazione e condizionamento domestico","Activities of agents involved in the wholesale of household heating, ventilation and air conditioning equipment","46.15.0","6","ATECO"
"46.15.04","Attività di intermediari del commercio all'ingrosso di altri articoli per la casa","Activities of agents involved in the wholesale of other household goods","46.15.0","6","ATECO"
"46.15.05","Attività di intermediari del commercio all'ingrosso di ferramenta","Activities of agents involved in the wholesale of hardware and ironmongery","46.15.0","6","ATECO"
"46.16.01","Attività di intermediari del commercio all'ingrosso di tessuti per l'abbigliamento e l'arredamento","Activities of agents involved in the wholesale of apparel and furnishing fabrics","46.16.0","6","ATECO"
"46.16.02","Attività di intermediari del commercio all'ingrosso di prodotti tessili per la casa e tappeti","Activities of agents involved in the wholesale of home textile goods and carpets","46.16.0","6","ATECO"
"46.16.03","Attività di intermediari del commercio all'ingrosso di camicie, biancheria intima e articoli simili","Activities of agents involved in the wholesale of shirts, underwear and similar products","46.16.0","6","ATECO"
"46.16.04","Attività di intermediari del commercio all'ingrosso di altri articoli di abbigliamento e accessori per l'abbigliamento","Activities of agents involved in the wholesale of other clothing and clothing accessories","46.16.0","6","ATECO"
"46.16.05","Attività di intermediari del commercio all'ingrosso di pellicce","Activities of agents involved in the wholesale of fur","46.16.0","6","ATECO"
"46.16.06","Attività di intermediari del commercio all'ingrosso di calzature","Activities of agents involved in the wholesale of footwear","46.16.0","6","ATECO"
"46.16.07","Attività di intermediari del commercio all'ingrosso di articoli in pelle e articoli da viaggio","Activities of agents involved in the wholesale of leather goods and travel accessories","46.16.0","6","ATECO"
"46.17.01","Attività di intermediari del commercio all'ingrosso di frutta e ortaggi","Activities of agents involved in the wholesale of fruit and vegetables","46.17.0","6","ATECO"
"46.17.02","Attività di intermediari del commercio all'ingrosso di carne e prodotti a base di carne","Activities of agents involved in the wholesale of meat and meat products","46.17.0","6","ATECO"
"46.17.03","Attività di intermediari del commercio all'ingrosso di pesce e prodotti a base di pesce","Activities of agents involved in the wholesale of fish and fish products","46.17.0","6","ATECO"
"46.17.04","Attività di intermediari del commercio all'ingrosso di latte e prodotti lattiero-caseari","Activities of agents involved in the wholesale of milk and dairy products","46.17.0","6","ATECO"
"46.17.05","Attività di intermediari del commercio all'ingrosso di oli e grassi alimentari","Activities of agents involved in the wholesale of edible oils and fats","46.17.0","6","ATECO"
"46.17.06","Attività di intermediari del commercio all'ingrosso di bevande","Activities of agents involved in the wholesale of beverages","46.17.0","6","ATECO"
"46.17.07","Attività di intermediari del commercio all'ingrosso di altri prodotti alimentari e tabacchi","Activities of agents involved in the wholesale of other food and tobacco","46.17.0","6","ATECO"
"46.18.11","Attività di intermediari del commercio all'ingrosso di prodotti farmaceutici","Activities of agents involved in the wholesale of pharmaceutical goods","46.18.1","6","ATECO"
"46.18.12","Attività di intermediari del commercio all'ingrosso di articoli medicali","Activities of agents involved in the wholesale of medical goods","46.18.1","6","ATECO"
"46.18.13","Attività di intermediari del commercio all'ingrosso di profumi e articoli di profumeria","Activities of agents involved in the wholesale of perfumery and toilet articles","46.18.1","6","ATECO"
"46.18.14","Attività di intermediari del commercio all'ingrosso di prodotti per la pulizia","Activities of agents involved in the wholesale of cleaning materials","46.18.1","6","ATECO"
"46.18.21","Attività di intermediari del commercio all'ingrosso di giochi e giocattoli","Activities of agents involved in the wholesale of games and toys","46.18.2","6","ATECO"
"46.18.22","Attività di intermediari del commercio all'ingrosso di biciclette","Activities of agents involved in the wholesale of bicycles","46.18.2","6","ATECO"
"46.18.23","Attività di intermediari del commercio all'ingrosso di altre attrezzature sportive","Activities of agents involved in the wholesale of other sports goods","46.18.2","6","ATECO"
"46.18.24","Attività di intermediari del commercio all'ingrosso di orologi e gioielli","Activities of agents involved in the wholesale of watches, clocks and jewellery","46.18.2","6","ATECO"
"46.18.25","Attività di intermediari del commercio all'ingrosso di oggetti di bigiotteria","Activities of agents involved in the wholesale of imitation jewellery","46.18.2","6","ATECO"
"46.18.26","Attività di intermediari del commercio all'ingrosso di apparecchiature fotografiche e strumenti ottici","Activities of agents involved in the wholesale of photographic and optical equipment","46.18.2","6","ATECO"
"46.18.31","Attività di intermediari del commercio all'ingrosso di libri","Activities of agents involved in the wholesale of books","46.18.3","6","ATECO"
"46.18.32","Attività di intermediari del commercio all'ingrosso di giornali e riviste","Activities of agents involved in the wholesale of newspapers and magazines","46.18.3","6","ATECO"
"46.18.33","Attività di intermediari del commercio all'ingrosso di articoli di cancelleria","Activities of agents involved in the wholesale of stationery","46.18.3","6","ATECO"
"46.18.41","Attività di intermediari del commercio all'ingrosso di automobili e autoveicoli leggeri","Activities of agents involved in the wholesale of cars and light motor vehicles","46.18.4","6","ATECO"
"46.18.42","Attività di intermediari del commercio all'ingrosso di altri autoveicoli","Activities of agents involved in the wholesale of other motor vehicles","46.18.4","6","ATECO"
"46.18.43","Attività di intermediari del commercio all'ingrosso di parti e accessori di autoveicoli","Activities of agents involved in the wholesale of parts and accessories for motor vehicles","46.18.4","6","ATECO"
"46.18.44","Attività di intermediari del commercio all'ingrosso di motocicli","Activities of agents involved in the wholesale of motorcycles","46.18.4","6","ATECO"
"46.18.45","Attività di intermediari del commercio all'ingrosso di parti e accessori di motocicli","Activities of agents involved in the wholesale of parts and accessories for motorcycles","46.18.4","6","ATECO"
"46.18.46","Attività di intermediari del commercio all'ingrosso di materiale rotabile e di parti e accessori per materiale rotabile","Activities of agents involved in the wholesale of rolling stock and parts and accessories for rolling stock","46.18.4","6","ATECO"
"46.18.50","Attività di intermediari del commercio all'ingrosso di apparecchiature audio e video","Activities of agents involved in the wholesale of audio and video equipment","46.18.5","6","ATECO"
"46.18.91","Attività di intermediari del commercio all'ingrosso di rifiuti","Activities of agents involved in the wholesale of waste","46.18.9","6","ATECO"
"46.18.92","Attività di intermediari del commercio all'ingrosso di rivestimenti per pareti e per pavimenti","Activities of agents involved in the wholesale of wall and floor coverings","46.18.9","6","ATECO"
"46.18.93","Attività di intermediari del commercio all'ingrosso di strumenti musicali","Activities of agents involved in the wholesale of musical instruments","46.18.9","6","ATECO"
"46.18.99","Attività di intermediari del commercio all'ingrosso di altri prodotti specifici vari n.c.a.","Activities of agents involved in the wholesale of other various particular products n.e.c.","46.18.9","6","ATECO"
"46.19.00","Attività di intermediari del commercio all'ingrosso non specializzato","Activities of agents involved in non-specialised wholesale","46.19.0","6","ATECO"
"46.21.10","Commercio all'ingrosso di cereali","Wholesale of grains","46.21.1","6","ATECO"
"46.21.21","Commercio all'ingrosso di tabacco grezzo","Wholesale of unmanufactured tobacco","46.21.2","6","ATECO"
"46.21.22","Commercio all'ingrosso di sementi e alimenti per il bestiame","Wholesale of seeds and animal feeds","46.21.2","6","ATECO"
"46.22.00","Commercio all'ingrosso di fiori e piante","Wholesale of flowers and plants","46.22.0","6","ATECO"
"46.23.00","Commercio all'ingrosso di animali vivi","Wholesale of live animals","46.23.0","6","ATECO"
"46.24.01","Commercio all'ingrosso di pelli per pellicceria","Wholesale of fur skins","46.24.0","6","ATECO"
"46.24.02","Commercio all'ingrosso di pelli non per pellicceria e cuoio","Wholesale of other hides and leather, other than fur skins","46.24.0","6","ATECO"
"46.31.10","Commercio all'ingrosso di frutta e ortaggi freschi","Wholesale of fresh fruit and vegetables","46.31.1","6","ATECO"
"46.31.20","Commercio all'ingrosso di frutta e ortaggi conservati o surgelati","Wholesale of preserved or frozen fruit and vegetables","46.31.2","6","ATECO"
"46.32.11","Commercio all'ingrosso di carni fresche","Wholesale of fresh meat","46.32.1","6","ATECO"
"46.32.12","Commercio all'ingrosso di carni conservate o surgelate","Wholesale of frozen or preserved meat","46.32.1","6","ATECO"
"46.32.20","Commercio all'ingrosso di salumi e di altri prodotti a base di carne","Wholesale of charcuterie and other meat products","46.32.2","6","ATECO"
"46.32.31","Commercio all'ingrosso di pesci freschi","Wholesale of fresh fish","46.32.3","6","ATECO"
"46.32.32","Commercio all'ingrosso di pesci conservati o surgelati e di prodotti a base di pesce","Wholesale of preserved or frozen fish and fish products","46.32.3","6","ATECO"
"46.33.10","Commercio all'ingrosso di prodotti lattiero-caseari e uova","Wholesale of dairy products and eggs","46.33.1","6","ATECO"
"46.33.20","Commercio all'ingrosso di oli e grassi alimentari","Wholesale of edible oils and fats","46.33.2","6","ATECO"
"46.34.10","Commercio all'ingrosso di bevande alcoliche","Wholesale of alcoholic beverages","46.34.1","6","ATECO"
"46.34.20","Commercio all'ingrosso di bevande analcoliche","Wholesale of non-alcoholic beverages","46.34.2","6","ATECO"
"46.35.01","Commercio all'ingrosso di sigarette elettroniche","Wholesale of electronic cigarettes","46.35.0","6","ATECO"
"46.35.09","Commercio all'ingrosso di prodotti del tabacco n.c.a.","Wholesale of tobacco products n.e.c.","46.35.0","6","ATECO"
"46.36.00","Commercio all'ingrosso di zucchero, cioccolato e dolciumi","Wholesale of sugar, chocolate and sugar confectionery","46.36.0","6","ATECO"
"46.37.01","Commercio all'ingrosso di caffè","Wholesale of coffee","46.37.0","6","ATECO"
"46.37.02","Commercio all'ingrosso di tè, cacao e spezie","Wholesale of tea, cocoa and spices","46.37.0","6","ATECO"
"46.38.00","Commercio all'ingrosso di altri prodotti alimentari","Wholesale of other food","46.38.0","6","ATECO"
"46.39.00","Commercio all'ingrosso non specializzato di prodotti alimentari, bevande e tabacchi","Non-specialised wholesale of food, beverages and tobacco","46.39.0","6","ATECO"
"46.41.10","Commercio all'ingrosso di tessuti","Wholesale of fabrics","46.41.1","6","ATECO"
"46.41.20","Commercio all'ingrosso di filati e articoli di merceria","Wholesale of yarn and haberdashery","46.41.2","6","ATECO"
"46.41.90","Commercio all'ingrosso di altri prodotti tessili","Wholesale of other textiles","46.41.9","6","ATECO"
"46.42.10","Commercio all'ingrosso di abbigliamento e di accessori per l'abbigliamento","Wholesale of clothing and clothing accessories","46.42.1","6","ATECO"
"46.42.20","Commercio all'ingrosso di articoli in pelliccia","Wholesale of fur articles","46.42.2","6","ATECO"
"46.42.30","Commercio all'ingrosso di calzature","Wholesale of footwear","46.42.3","6","ATECO"
"46.43.10","Commercio all'ingrosso di articoli per fotografia e ottica","Wholesale of photographic and optical goods","46.43.1","6","ATECO"
"46.43.20","Commercio all'ingrosso di apparecchiature radiotelevisive","Wholesale of radio and television equipment","46.43.2","6","ATECO"
"46.43.30","Commercio all'ingrosso di altri elettrodomestici","Wholesale of other electrical household appliances","46.43.3","6","ATECO"
"46.44.10","Commercio all'ingrosso di articoli di porcellana","Wholesale of chinaware","46.44.1","6","ATECO"
"46.44.20","Commercio all'ingrosso di articoli di vetro","Wholesale of glassware","46.44.2","6","ATECO"
"46.44.30","Commercio all'ingrosso di altri utensili per la casa, stoviglie e vasellame","Wholesale of other household utensils, crockery and pottery","46.44.3","6","ATECO"
"46.44.40","Commercio all'ingrosso di prodotti per la pulizia","Wholesale of cleaning materials","46.44.4","6","ATECO"
"46.45.00","Commercio all'ingrosso di profumi e cosmetici","Wholesale of perfume and cosmetics","46.45.0","6","ATECO"
"46.46.10","Commercio all'ingrosso di prodotti farmaceutici di base e di preparati farmaceutici","Wholesale of basic pharmaceutical products and pharmaceutical preparations","46.46.1","6","ATECO"
"46.46.20","Commercio all'ingrosso di rimedi erboristici","Wholesale of herbal remedies","46.46.2","6","ATECO"
"46.46.31","Commercio all'ingrosso di occhiali e lenti","Wholesale of glasses, sunglasses and lenses","46.46.3","6","ATECO"
"46.46.39","Commercio all'ingrosso di prodotti medicali e ortopedici n.c.a.","Wholesale of medical and orthopaedic goods n.e.c.","46.46.3","6","ATECO"
"46.47.10","Commercio all'ingrosso di mobili per la casa, l'ufficio e i negozi","Wholesale of household, office and shop furniture","46.47.1","6","ATECO"
"46.47.20","Commercio all'ingrosso di tappeti per la casa, l'ufficio e i negozi","Wholesale of household, office and shop carpets","46.47.2","6","ATECO"
"46.47.30","Commercio all'ingrosso di articoli per l'illuminazione per la casa, l'ufficio e i negozi","Wholesale of household, office and shop lighting equipment","46.47.3","6","ATECO"
"46.48.00","Commercio all'ingrosso di orologi e di gioielleria","Wholesale of watches and jewellery","46.48.0","6","ATECO"
"46.49.10","Commercio all'ingrosso di carta, cartone e articoli di cartoleria","Wholesale of paper, paperboard and stationery","46.49.1","6","ATECO"
"46.49.21","Commercio all'ingrosso di libri","Wholesale of books","46.49.2","6","ATECO"
"46.49.22","Commercio all'ingrosso di riviste e giornali","Wholesale of magazines and newspapers","46.49.2","6","ATECO"
"46.49.30","Commercio all'ingrosso di giochi, giocattoli e attrezzature per bambini","Wholesale of games, toys and baby equipment","46.49.3","6","ATECO"
"46.49.41","Commercio all'ingrosso di biciclette","Wholesale of bicycles","46.49.4","6","ATECO"
"46.49.49","Commercio all'ingrosso di altre attrezzature e articoli sportivi","Wholesale of other sports goods","46.49.4","6","ATECO"
"46.49.50","Commercio all'ingrosso di articoli in pelle e articoli da viaggio","Wholesale of leather goods and travel accessories","46.49.5","6","ATECO"
"46.49.91","Commercio all'ingrosso di articoli promozionali","Wholesale in promotional items","46.49.9","6","ATECO"
"46.49.92","Commercio all'ingrosso di bomboniere","Wholesale of party favours","46.49.9","6","ATECO"
"46.49.99","Commercio all'ingrosso di altri beni di consumo vari n.c.a.","Wholesale of other various household goods n.e.c.","46.49.9","6","ATECO"
"46.50.10","Commercio all'ingrosso di computer, unità periferiche e software","Wholesale of computers, computer peripheral equipment and software","46.50.1","6","ATECO"
"46.50.20","Commercio all'ingrosso di apparecchiature per telecomunicazioni","Wholesale of telephone and communication equipment","46.50.2","6","ATECO"
"46.50.30","Commercio all'ingrosso di altre macchine e attrezzature per ufficio","Wholesale of other office machinery and equipment","46.50.3","6","ATECO"
"46.61.00","Commercio all'ingrosso di macchinari, attrezzature e forniture agricole","Wholesale of agricultural machinery, equipment and supplies","46.61.0","6","ATECO"
"46.62.00","Commercio all'ingrosso di macchine utensili","Wholesale of machine tools","46.62.0","6","ATECO"
"46.63.00","Commercio all'ingrosso di macchinari per l'estrazione, l'edilizia e l'ingegneria civile","Wholesale of mining, construction and civil engineering machinery","46.63.0","6","ATECO"
"46.64.11","Commercio all'ingrosso di navi e imbarcazioni","Wholesale of ships and boats","46.64.1","6","ATECO"
"46.64.19","Commercio all'ingrosso di altri mezzi di trasporto","Wholesale of other transport equipment","46.64.1","6","ATECO"
"46.64.20","Commercio all'ingrosso di materiale elettrico per impianti industriali","Wholesale of electrical equipment for industrial installations","46.64.2","6","ATECO"
"46.64.30","Commercio all'ingrosso di attrezzature per parrucchieri, palestre, solarium e centri estetici","Wholesale of equipment for hairdressers, gyms, solariums and beauty centres","46.64.3","6","ATECO"
"46.64.40","Commercio all'ingrosso di macchine tessili, per la lavorazione delle pelli e del cuoio, per lavanderie e stirerie","Wholesale of textile, leather and laundry machinery","46.64.4","6","ATECO"
"46.64.51","Commercio all'ingrosso di macchine e attrezzature per ristoranti e bar","Wholesale of machinery and equipment for restaurants and bars","46.64.5","6","ATECO"
"46.64.59","Commercio all'ingrosso di altri macchinari per l'industria alimentare e delle bevande","Wholesale of other machinery for the food and beverages industry","46.64.5","6","ATECO"
"46.64.60","Commercio all'ingrosso di macchinari e attrezzature per la pulizia","Wholesale of cleaning machines","46.64.6","6","ATECO"
"46.64.91","Commercio all'ingrosso di strumenti e apparecchiature di misurazione","Wholesale of measuring instruments and equipment","46.64.9","6","ATECO"
"46.64.92","Commercio all'ingrosso di attrazioni per parchi divertimento e parchi tematici e videogiochi","Wholesale of attractions for amusement and theme parks and video game machines","46.64.9","6","ATECO"
"46.64.99","Commercio all'ingrosso di altri macchinari e attrezzature varie n.c.a.","Wholesale of other various machinery and equipment n.e.c.","46.64.9","6","ATECO"
"46.71.10","Commercio all'ingrosso di automobili e autoveicoli leggeri","Wholesale of cars and light motor vehicles","46.71.1","6","ATECO"
"46.71.20","Commercio all'ingrosso di altri autoveicoli","Wholesale of other motor vehicles","46.71.2","6","ATECO"
"46.72.00","Commercio all'ingrosso di parti e accessori di autoveicoli","Wholesale of motor vehicle parts and accessories","46.72.0","6","ATECO"
"46.73.10","Commercio all'ingrosso di motocicli","Wholesale of motorcycles","46.73.1","6","ATECO"
"46.73.20","Commercio all'ingrosso di parti e accessori di motocicli","Wholesale of motorcycles parts and accessories","46.73.2","6","ATECO"
"46.81.00","Commercio all'ingrosso di combustibili solidi, liquidi, gassosi e di prodotti derivati","Wholesale of solid, liquid and gaseous fuels and related products","46.81.0","6","ATECO"
"46.82.10","Commercio all'ingrosso di metalli e minerali metalliferi ferrosi","Wholesale of ferrous metals and ferrous metal ores","46.82.1","6","ATECO"
"46.82.21","Attività di compro oro","Cash-for-gold wholesale activities","46.82.2","6","ATECO"
"46.82.29","Commercio all'ingrosso di altri metalli e minerali metalliferi non ferrosi","Wholesale of other non-ferrous metals and non-ferrous metal ores","46.82.2","6","ATECO"
"46.83.10","Commercio all'ingrosso di legname","Wholesale of wood","46.83.1","6","ATECO"
"46.83.21","Commercio all'ingrosso di pitture, vernici e lacche","Wholesale of paints, varnishes and lacquers","46.83.2","6","ATECO"
"46.83.22","Commercio all'ingrosso di carta da parati e rivestimenti per pavimenti","Wholesale wallpaper and floor coverings","46.83.2","6","ATECO"
"46.83.23","Commercio all'ingrosso di porte, finestre e persiane","Wholesale of doors, windows and shutters","46.83.2","6","ATECO"
"46.83.29","Commercio all'ingrosso di altri materiali da costruzione","Wholesale of other construction materials","46.83.2","6","ATECO"
"46.83.30","Commercio all'ingrosso di articoli igienico-sanitari","Wholesale of sanitary equipment","46.83.3","6","ATECO"
"46.84.10","Commercio all'ingrosso di ferramenta","Wholesale of hardware equipment and supplies","46.84.1","6","ATECO"
"46.84.20","Commercio all'ingrosso di apparecchi e accessori per impianti idraulici e di riscaldamento","Wholesale of plumbing and heating equipment and supplies","46.84.2","6","ATECO"
"46.85.01","Commercio all'ingrosso di fertilizzanti e altri prodotti chimici per l'agricoltura","Wholesale of fertilisers and agrochemical products","46.85.0","6","ATECO"
"46.85.02","Commercio all'ingrosso di liquidi per inalazione per sigarette elettroniche","Wholesale of e-liquids for electronic cigarettes","46.85.0","6","ATECO"
"46.85.09","Commercio all'ingrosso di altri prodotti chimici","Wholesale of other chemical products","46.85.0","6","ATECO"
"46.86.10","Commercio all'ingrosso di materie plastiche in forme primarie e gomma","Wholesale of plastic materials in primary forms and rubber","46.86.1","6","ATECO"
"46.86.20","Commercio all'ingrosso di fibre tessili","Wholesale of textile fibres","46.86.2","6","ATECO"
"46.86.30","Commercio all'ingrosso di articoli per imballaggio","Wholesale of packaging articles","46.86.3","6","ATECO"
"46.86.90","Commercio all'ingrosso di altri prodotti intermedi n.c.a.","Wholesale of other intermediate products n.e.c.","46.86.9","6","ATECO"
"46.87.10","Commercio all'ingrosso di rottami e cascami metallici","Wholesale of metal waste and scrap","46.87.1","6","ATECO"
"46.87.90","Commercio all'ingrosso di altri rottami e cascami","Wholesale of other waste and scrap","46.87.9","6","ATECO"
"46.89.00","Commercio all'ingrosso specializzato di altri prodotti n.c.a.","Other specialised wholesale n.e.c.","46.89.0","6","ATECO"
"46.90.00","Commercio all'ingrosso non specializzato","Non-specialised wholesale trade","46.90.0","6","ATECO"
"47.11.01","Commercio al dettaglio non specializzato con prevalenza di prodotti alimentari surgelati","Non-specialised retail sale of predominately frozen food","47.11.0","6","ATECO"
"47.11.02","Commercio al dettaglio non specializzato con prevalenza di altri prodotti alimentari, bevande o tabacchi","Non-specialised retail sale of predominately non-frozen food, beverages and tobacco","47.11.0","6","ATECO"
"47.12.10","Commercio al dettaglio non specializzato con prevalenza di apparecchiature informatiche ed elettrodomestici","Non-specialised retail sale of predominately information equipment and electrical household appliances","47.12.1","6","ATECO"
"47.12.20","Commercio al dettaglio non specializzato con prevalenza di mobili e articoli per uso domestico","Non-specialised retail sale of predominately furniture and household goods","47.12.2","6","ATECO"
"47.12.30","Commercio al dettaglio non specializzato con prevalenza di ferramenta, materiali da costruzione e piante","Non-specialised retail sale of predominately hardware, building materials and plants","47.12.3","6","ATECO"
"47.12.40","Commercio al dettaglio non specializzato con prevalenza di cosmetici, articoli di profumeria e detersivi, articoli di cancelleria e giochi","Non-specialised retail sale of predominately cosmetic articles, toilet articles and detergents, stationery and games","47.12.4","6","ATECO"
"47.12.50","Commercio al dettaglio non specializzato con prevalenza di articoli di abbigliamento e calzature","Non-specialised retail sale of predominately clothing and footwear","47.12.5","6","ATECO"
"47.12.90","Commercio al dettaglio non specializzato di altri prodotti n.c.a.","Other non-specialised retail sale n.e.c.","47.12.9","6","ATECO"
"47.21.01","Commercio al dettaglio di frutta e verdura fresca","Retail sale of fresh fruit and vegetables","47.21.0","6","ATECO"
"47.21.02","Commercio al dettaglio di frutta e verdura secca e conservata","Retail sale of dried and preserved fruit and vegetables","47.21.0","6","ATECO"
"47.22.00","Commercio al dettaglio di carne e di prodotti a base di carne","Retail sale of meat and meat products","47.22.0","6","ATECO"
"47.23.00","Commercio al dettaglio di pesce, crostacei e molluschi","Retail sale of fish, crustaceans and molluscs","47.23.0","6","ATECO"
"47.24.10","Commercio al dettaglio di pane","Retail sale of bread","47.24.1","6","ATECO"
"47.24.20","Commercio al dettaglio di pasticceria e dolciumi","Retail sale of cake and confectionery","47.24.2","6","ATECO"
"47.25.00","Commercio al dettaglio di bevande","Retail sale of beverages","47.25.0","6","ATECO"
"47.26.01","Commercio al dettaglio di tabacco in qualsiasi forma","Retail sale of tobacco in any form","47.26.0","6","ATECO"
"47.26.02","Commercio al dettaglio di sigarette elettroniche e di liquidi per inalazione per sigarette elettroniche","Retail sale of electronic cigarettes and e-liquids","47.26.0","6","ATECO"
"47.26.09","Commercio al dettaglio di altri accessori per fumatori","Retail sale of other smoking accessories","47.26.0","6","ATECO"
"47.27.10","Commercio al dettaglio di latte e prodotti lattiero-caseari","Retail sale of milk and dairy products","47.27.1","6","ATECO"
"47.27.20","Commercio al dettaglio di caffè","Retail sale of coffee","47.27.2","6","ATECO"
"47.27.30","Commercio al dettaglio di integratori alimentari e prodotti dietetici","Retail sale of food supplements and dietetic products","47.27.3","6","ATECO"
"47.27.90","Commercio al dettaglio di altri prodotti alimentari n.c.a.","Retail sale of other food n.e.c.","47.27.9","6","ATECO"
"47.30.00","Commercio al dettaglio di carburanti per autotrazione","Retail sale of automotive fuel","47.30.0","6","ATECO"
"47.40.10","Commercio al dettaglio di computer, unità periferiche e software","Retail sale of computers, peripheral equipment and software","47.40.1","6","ATECO"
"47.40.20","Commercio al dettaglio di apparecchiature per telecomunicazioni","Retail sale of telephone and communication equipment","47.40.2","6","ATECO"
"47.40.30","Commercio al dettaglio di apparecchiature radiotelevisive","Retail sale of audio and video equipment","47.40.3","6","ATECO"
"47.51.10","Commercio al dettaglio di tessuti per abbigliamento e arredamento","Retail sale of apparel and furnishing type fabrics","47.51.1","6","ATECO"
"47.51.20","Commercio al dettaglio di filati per maglieria e merceria","Retail sale of yarn and haberdashery","47.51.2","6","ATECO"
"47.52.10","Commercio al dettaglio di ferramenta, vernici, vetro e materiale elettrico e termoidraulico","Retail sale of hardware, paints, glass, electrical and plumbing material and equipment","47.52.1","6","ATECO"
"47.52.20","Commercio al dettaglio di articoli igienico-sanitari e per riscaldamento","Retail sale of sanitary and heating equipment","47.52.2","6","ATECO"
"47.52.31","Commercio al dettaglio di porte e finestre","Retail sale of doors and windows","47.52.3","6","ATECO"
"47.52.32","Commercio al dettaglio di altri materiali da costruzione, mattoni e piastrelle n.c.a.","Retail sale of other building material, bricks and tiles n.e.c.","47.52.3","6","ATECO"
"47.52.40","Commercio al dettaglio di attrezzature per il giardinaggio e la paesaggistica","Retail sale of garden and landscaping equipment","47.52.4","6","ATECO"
"47.53.11","Commercio al dettaglio di tappeti e moquette","Retail sale of carpets and rugs","47.53.1","6","ATECO"
"47.53.12","Commercio al dettaglio di tende","Retail trade of curtains and net curtains","47.53.1","6","ATECO"
"47.53.20","Commercio al dettaglio di rivestimenti per pareti e pavimenti","Retail sale of wall and floor coverings","47.53.2","6","ATECO"
"47.54.00","Commercio al dettaglio di elettrodomestici","Retail sale of electrical household appliances","47.54.0","6","ATECO"
"47.55.10","Commercio al dettaglio di mobili per la casa","Retail sale of household furniture","47.55.1","6","ATECO"
"47.55.20","Commercio al dettaglio di altri mobili","Retail sale of other furniture","47.55.2","6","ATECO"
"47.55.30","Commercio al dettaglio di articoli per l'illuminazione","Retail sale of lighting equipment","47.55.3","6","ATECO"
"47.55.40","Commercio al dettaglio di articoli per la tavola e la cucina","Retail sale of tableware and kitchenware","47.55.4","6","ATECO"
"47.55.90","Commercio al dettaglio di attrezzature per bambini e altri articoli per la casa","Retail sale of baby equipment and other household goods","47.55.9","6","ATECO"
"47.61.00","Commercio al dettaglio di libri","Retail sale of books","47.61.0","6","ATECO"
"47.62.10","Commercio al dettaglio di giornali e altre pubblicazioni periodiche","Retail sale of newspapers, and other periodical publications","47.62.1","6","ATECO"
"47.62.20","Commercio al dettaglio di articoli di cancelleria","Retail sale of stationery","47.62.2","6","ATECO"
"47.63.10","Commercio al dettaglio di imbarcazioni","Retail sale of boats","47.63.1","6","ATECO"
"47.63.21","Commercio al dettaglio di biciclette","Retail of bicycles","47.63.2","6","ATECO"
"47.63.29","Commercio al dettaglio di altre attrezzature sportive","Retail of other sporting equipment","47.63.2","6","ATECO"
"47.64.00","Commercio al dettaglio di giochi e giocattoli","Retail sale of games and toys","47.64.0","6","ATECO"
"47.69.11","Commercio al dettaglio di supporti registrati","Retail sale of recorded media","47.69.1","6","ATECO"
"47.69.12","Commercio al dettaglio di strumenti musicali","Retail sale of musical instruments","47.69.1","6","ATECO"
"47.69.20","Commercio al dettaglio di articoli di filatelia, numismatica e da collezionismo","Retail sale of philately, numismatics and collectors' items","47.69.2","6","ATECO"
"47.69.30","Commercio al dettaglio di articoli per disegno, pittura e scultura","Retail sale of art supplies","47.69.3","6","ATECO"
"47.69.91","Commercio al dettaglio di opere d'arte","Retail sale of works of art","47.69.9","6","ATECO"
"47.69.99","Commercio al dettaglio di altri articoli vari culturali e ricreativi n.c.a.","Retail sale of other various cultural and recreational goods n.e.c.","47.69.9","6","ATECO"
"47.71.10","Commercio al dettaglio di articoli di abbigliamento per adulti","Retail sale of clothing for adults","47.71.1","6","ATECO"
"47.71.20","Commercio al dettaglio di articoli di abbigliamento per neonati e bambini","Retail sale of clothing for babies and children","47.71.2","6","ATECO"
"47.71.30","Commercio al dettaglio di articoli di biancheria intima","Retail sale of underwear","47.71.3","6","ATECO"
"47.71.40","Commercio al dettaglio di articoli di abbigliamento in pelle e pelliccia","Retail sale of leather and fur wearing apparel","47.71.4","6","ATECO"
"47.71.50","Commercio al dettaglio di accessori per l'abbigliamento","Retail sale of clothing accessories","47.71.5","6","ATECO"
"47.72.11","Commercio al dettaglio di calzature e accessori per calzature per adulti","Retail sale of footwear and footwear accessories for adults","47.72.1","6","ATECO"
"47.72.12","Commercio al dettaglio di calzature e accessori per calzature per neonati e bambini","Retail sale of footwear and footwear accessories for babies and children","47.72.1","6","ATECO"
"47.72.20","Commercio al dettaglio di articoli in pelle e articoli da viaggio","Retail sale of leather goods and travel accessories","47.72.2","6","ATECO"
"47.73.10","Commercio al dettaglio di medicinali soggetti a prescrizione medica","Retail sale of pharmaceutical products subject to medical prescription","47.73.1","6","ATECO"
"47.73.20","Commercio al dettaglio di rimedi erboristici","Retail sale of herbal remedies","47.73.2","6","ATECO"
"47.73.90","Commercio al dettaglio di altri prodotti farmaceutici","Retail sale of other pharmaceutical products","47.73.9","6","ATECO"
"47.74.01","Commercio al dettaglio di occhiali e lenti","Retail sale of glasses, sunglasses and lenses","47.74.0","6","ATECO"
"47.74.09","Commercio al dettaglio di altri articoli medicali e ortopedici","Retail sale of other medical and orthopaedic goods","47.74.0","6","ATECO"
"47.75.00","Commercio al dettaglio di cosmetici e di articoli di profumeria","Retail sale of cosmetic and toilet articles","47.75.0","6","ATECO"
"47.76.10","Commercio al dettaglio di fiori, piante e fertilizzanti","Retail sale of flowers, plants and fertilisers","47.76.1","6","ATECO"
"47.76.20","Commercio al dettaglio di animali da compagnia e alimenti per animali da compagnia","Retail sale of pets and pet food","47.76.2","6","ATECO"
"47.77.00","Commercio al dettaglio di orologi e articoli di gioielleria","Retail sale of watches and jewellery","47.77.0","6","ATECO"
"47.78.10","Commercio al dettaglio di articoli per fotografia e ottica","Retail sale of photographic and optical equipment","47.78.1","6","ATECO"
"47.78.21","Commercio al dettaglio di souvenir","Retail sale of souvenirs","47.78.2","6","ATECO"
"47.78.22","Commercio al dettaglio di articoli di artigianato","Retail sale of craftwork","47.78.2","6","ATECO"
"47.78.23","Commercio al dettaglio di articoli religiosi","Retail sale of religious articles","47.78.2","6","ATECO"
"47.78.24","Commercio al dettaglio di bigiotteria","Retail sale of imitation jewellery","47.78.2","6","ATECO"
"47.78.25","Commercio al dettaglio di bomboniere","Retail sale of party favours","47.78.2","6","ATECO"
"47.78.30","Commercio al dettaglio di combustibile per uso domestico, bombole di gas, carbone e legna da ardere","Retail sale of sources for household heating","47.78.3","6","ATECO"
"47.78.40","Commercio al dettaglio di prodotti per la pulizia","Retail sale of cleaning products","47.78.4","6","ATECO"
"47.78.91","Commercio al dettaglio di articoli per imballaggio","Retail sale of packaging articles","47.78.9","6","ATECO"
"47.78.92","Commercio al dettaglio di articoli funerari e cimiteriali","Retail sale of funeral and cemetery articles","47.78.9","6","ATECO"
"47.78.93","Commercio al dettaglio di articoli per adulti","Retail sale of sex articles for adults","47.78.9","6","ATECO"
"47.78.99","Commercio al dettaglio di altri prodotti vari non di seconda mano n.c.a.","Retail sale of other various new goods n.e.c.","47.78.9","6","ATECO"
"47.79.10","Commercio al dettaglio di libri di seconda mano","Retail sale of second-hand books","47.79.1","6","ATECO"
"47.79.20","Commercio al dettaglio di oggetti di antiquariato e mobili di seconda mano","Retail sale of antiques and second-hand furniture","47.79.2","6","ATECO"
"47.79.31","Commercio al dettaglio di articoli di abbigliamento di seconda mano","Retail sale of second-hand clothes","47.79.3","6","ATECO"
"47.79.32","Commercio al dettaglio di orologi e articoli di gioielleria di seconda mano","Retail sale of second-hand watches and jewellery","47.79.3","6","ATECO"
"47.79.39","Commercio al dettaglio di altri articoli di seconda mano n.c.a.","Retail sale of other second-hand goods n.e.c.","47.79.3","6","ATECO"
"47.81.10","Commercio al dettaglio di automobili e autoveicoli leggeri","Retail sale of cars and light motor vehicles","47.81.1","6","ATECO"
"47.81.20","Commercio al dettaglio di altri autoveicoli","Retail sale of other motor vehicles","47.81.2","6","ATECO"
"47.82.00","Commercio al dettaglio di parti e accessori di autoveicoli","Retail sale of motor vehicle parts and accessories","47.82.0","6","ATECO"
"47.83.10","Commercio al dettaglio di motocicli","Retail sale of motorcycles","47.83.1","6","ATECO"
"47.83.20","Commercio al dettaglio di parti e accessori di motocicli","Retail sale of motorcycle parts and accessories","47.83.2","6","ATECO"
"47.91.10","Attività di servizi di intermediazione per il commercio al dettaglio non specializzato di articoli di seconda mano","Intermediation service activities for non-specialised retail sale of second-hand goods","47.91.1","6","ATECO"
"47.91.20","Attività di servizi di intermediazione per il commercio al dettaglio non specializzato di prodotti nuovi","Intermediation service activities for non-specialised retail sale of new goods","47.91.2","6","ATECO"
"47.92.10","Attività di servizi di intermediazione per il commercio al dettaglio specializzato di prodotti alimentari e bevande","Intermediation service activities for specialised retail sale of food and beverages","47.92.1","6","ATECO"
"47.92.21","Attività di servizi di intermediazione per il commercio al dettaglio specializzato di autoveicoli e motocicli di seconda mano","Intermediation service activities for specialised retail sale of second-hand motor vehicles and motorcycles","47.92.2","6","ATECO"
"47.92.22","Attività di servizi di intermediazione per il commercio al dettaglio specializzato di parti e accessori di autoveicoli e motocicli di seconda mano","Intermediation service activities for specialised retail sale of motor vehicle and motorcycle second-hand parts and accessories","47.92.2","6","ATECO"
"47.92.29","Attività di servizi di intermediazione per il commercio al dettaglio specializzato di altri articoli di seconda mano","Intermediation service activities for specialised retail sale of other second-hand goods","47.92.2","6","ATECO"
"47.92.31","Attività di servizi di intermediazione per il commercio al dettaglio specializzato di autoveicoli, esclusi articoli di seconda mano","Intermediation service activities for specialised retail sale of new motor vehicles","47.92.3","6","ATECO"
"47.92.32","Attività di servizi di intermediazione per il commercio al dettaglio specializzato di parti e accessori di autoveicoli, esclusi articoli di seconda mano","Intermediation service activities for specialised retail sale of new motor vehicle parts and accessories","47.92.3","6","ATECO"
"47.92.33","Attività di servizi di intermediazione per il commercio al dettaglio specializzato di motocicli, parti e accessori di motocicli, esclusi articoli di seconda mano","Intermediation service activities for specialised retail sale of new motorcycles, motorcycle parts and accessories","47.92.3","6","ATECO"
"47.92.34","Attività di servizi di intermediazione per il commercio al dettaglio specializzato di elettrodomestici e altri articoli per la casa, esclusi articoli di seconda mano","Intermediation service activities for specialised retail sale of new electrical household appliances and other household goods","47.92.3","6","ATECO"
"47.92.35","Attività di servizi di intermediazione per il commercio al dettaglio specializzato di prodotti tessili, articoli di abbigliamento e calzature, esclusi articoli di seconda mano","Intermediation service activities for specialised retail sale of new textiles, clothing and footwear","47.92.3","6","ATECO"
"47.92.36","Attività di servizi di intermediazione per il commercio al dettaglio specializzato di cosmetici e di articoli di profumeria, esclusi articoli di seconda mano","Intermediation service activities for specialised retail sale of new cosmetic and toilet articles","47.92.3","6","ATECO"
"47.92.39","Attività di servizi di intermediazione per il commercio al dettaglio specializzato di prodotti nuovi n.c.a.","Intermediation service activities for specialised retail sale of new goods n.e.c.","47.92.3","6","ATECO"
"49.11.00","Trasporto di passeggeri su ferrovia pesante","Passenger heavy rail transport","49.11.0","6","ATECO"
"49.12.00","Altri trasporti ferroviari di passeggeri","Other passenger rail transport","49.12.0","6","ATECO"
"49.20.00","Trasporto ferroviario di merci","Freight rail transport","49.20.0","6","ATECO"
"49.31.01","Trasporto di linea di passeggeri su strada specializzato per visite turistiche","Scheduled passenger transport by road for sightseeing","49.31.0","6","ATECO"
"49.31.02","Altri trasporti di linea di passeggeri su strada","Other scheduled passenger transport by road","49.31.0","6","ATECO"
"49.32.01","Trasporto non di linea di passeggeri su strada specializzato per visite turistiche","Non-scheduled passenger transport by road for sightseeing","49.32.0","6","ATECO"
"49.32.02","Altri trasporti non di linea di passeggeri su strada","Other non-scheduled passenger transport by road","49.32.0","6","ATECO"
"49.33.10","Trasporto su taxi","Taxi services","49.33.1","6","ATECO"
"49.33.20","Trasporto su veicoli a noleggio con conducente","Private hire vehicles with driver","49.33.2","6","ATECO"
"49.34.00","Trasporto di passeggeri mediante funivie e sciovie","Passenger transport by cableways and ski lifts","49.34.0","6","ATECO"
"49.39.00","Altri trasporti terrestri di passeggeri n.c.a.","Other passenger land transport n.e.c.","49.39.0","6","ATECO"
"49.41.00","Trasporto di merci su strada","Freight transport by road","49.41.0","6","ATECO"
"49.42.00","Servizi di trasloco","Removal services","49.42.0","6","ATECO"
"49.50.10","Trasporto mediante condotte di gas","Transport of gases via pipeline","49.50.1","6","ATECO"
"49.50.20","Trasporto mediante condotte di liquidi","Transport of liquids via pipeline","49.50.2","6","ATECO"
"50.10.00","Trasporto marittimo e costiero di passeggeri","Sea and coastal passenger water transport","50.10.0","6","ATECO"
"50.20.00","Trasporto marittimo e costiero di merci","Sea and coastal freight water transport","50.20.0","6","ATECO"
"50.30.00","Trasporto per vie d'acqua interne di passeggeri","Inland passenger water transport","50.30.0","6","ATECO"
"50.40.00","Trasporto per vie d'acqua interne di merci","Inland freight water transport","50.40.0","6","ATECO"
"51.10.10","Trasporto aereo di linea di passeggeri","Scheduled air transport of passengers","51.10.1","6","ATECO"
"51.10.20","Trasporto aereo non di linea di passeggeri","Non-scheduled air transport of passengers","51.10.2","6","ATECO"
"51.21.00","Trasporto aereo di merci","Freight air transport","51.21.0","6","ATECO"
"51.22.00","Trasporto spaziale","Space transport","51.22.0","6","ATECO"
"52.10.10","Magazzinaggio e deposito non refrigerato","Operation of non-refrigerated storage and warehouse facilities","52.10.1","6","ATECO"
"52.10.20","Magazzinaggio e deposito refrigerato","Operation of refrigerated warehouses and cool stores","52.10.2","6","ATECO"
"52.21.10","Gestione di infrastrutture ferroviarie","Operation of railroad infrastructure and rail related facilities","52.21.1","6","ATECO"
"52.21.20","Gestione e manutenzione di strade","Operation and maintenance of roads","52.21.2","6","ATECO"
"52.21.30","Gestione di stazioni per autobus","Operation of bus stations","52.21.3","6","ATECO"
"52.21.40","Gestione di centri di movimentazione merci","Operation of stations for the handling of goods","52.21.4","6","ATECO"
"52.21.50","Gestione di parcheggi e autorimesse","Operation of parking lots and garages","52.21.5","6","ATECO"
"52.21.60","Attività di traino e soccorso stradale","Towing and roadside assistance","52.21.6","6","ATECO"
"52.21.90","Altri servizi di supporto al trasporto terrestre","Other service activities incidental to land transportation","52.21.9","6","ATECO"
"52.22.01","Liquefazione e rigassificazione di gas a scopo di trasporto marittimo e per vie d'acqua interne","Liquefaction and regasification of natural gas for the purpose of water transportation","52.22.0","6","ATECO"
"52.22.09","Altri servizi di supporto al trasporto marittimo e per vie d'acqua interne","Other service activities incidental to water transportation","52.22.0","6","ATECO"
"52.23.00","Servizi di supporto al trasporto aereo","Service activities incidental to air transportation","52.23.0","6","ATECO"
"52.24.10","Movimentazione merci relativa a trasporti aerei","Cargo handling incidental to air transportation","52.24.1","6","ATECO"
"52.24.20","Movimentazione merci relativa a trasporti marittimi e per vie d'acqua interne","Cargo handling incidental to water transportation","52.24.2","6","ATECO"
"52.24.30","Movimentazione merci relativa a trasporti ferroviari","Cargo handling incidental to rail transportation","52.24.3","6","ATECO"
"52.24.40","Movimentazione merci relativa ad altri trasporti terrestri","Cargo handling incidental to other land transportation","52.24.4","6","ATECO"
"52.25.01","Servizi di logistica per opere d'arte","Logistics service activities for works of art","52.25.0","6","ATECO"
"52.25.09","Altri servizi di logistica","Other logistics service activities","52.25.0","6","ATECO"
"52.26.01","Attività di agenti e agenzie di dogana","Activities of customs agents","52.26.0","6","ATECO"
"52.26.02","Attività di spedizione merci","Freight forwarding services","52.26.0","6","ATECO"
"52.31.00","Attività di servizi di intermediazione per il trasporto di merci","Intermediation service activities for freight transportation","52.31.0","6","ATECO"
"52.32.00","Attività di servizi di intermediazione per il trasporto di passeggeri","Intermediation service activities for passenger transportation","52.32.0","6","ATECO"
"53.10.00","Attività postali con obbligo di servizio universale","Postal activities under universal service obligation","53.10.0","6","ATECO"
"53.20.00","Altre attività postali e di corriere","Other postal and courier activities","53.20.0","6","ATECO"
"53.30.00","Attività di servizi di intermediazione per attività postali e di corriere","Intermediation service activities for postal and courier activities","53.30.0","6","ATECO"
"55.10.00","Servizi di alloggio di alberghi e simili","Hotels and similar accommodation","55.10.0","6","ATECO"
"55.20.10","Ostelli","Accommodation in hostels","55.20.1","6","ATECO"
"55.20.20","Rifugi e baite di montagna","Accommodation in mountain huts and lodges","55.20.2","6","ATECO"
"55.20.31","Case religiose di ospitalità","Religious accommodation","55.20.3","6","ATECO"
"55.20.32","Altre case sociali di ospitalità","Other social accommodation","55.20.3","6","ATECO"
"55.20.41","Bed and breakfast","Bed and breakfast units","55.20.4","6","ATECO"
"55.20.42","Servizi di alloggio in camere, case e appartamenti per vacanze","Accommodation by private households","55.20.4","6","ATECO"
"55.20.51","Servizi di alloggio in aziende agricole","Accommodation on farms","55.20.5","6","ATECO"
"55.20.52","Servizi di alloggio in aziende ittiche","Accommodation on fish farms","55.20.5","6","ATECO"
"55.30.01","Campeggi","Camping grounds","55.30.0","6","ATECO"
"55.30.02","Villaggi turistici e alloggi glamping","Camping villages, including glamping","55.30.0","6","ATECO"
"55.30.03","Aree attrezzate per veicoli ricreazionali","Recreational vehicle parks","55.30.0","6","ATECO"
"55.30.04","Marina resort","Marina resorts","55.30.0","6","ATECO"
"55.40.00","Attività di servizi di intermediazione per servizi di alloggio","Intermediation service activities for accommodation","55.40.0","6","ATECO"
"55.90.00","Altri servizi di alloggio","Other accommodation","55.90.0","6","ATECO"
"56.11.11","Attività di ristoranti con servizio al tavolo, escluse gelaterie e pasticcerie ","Table-service restaurants, other than ice cream parlours and pastry shops","56.11.1","6","ATECO"
"56.11.12","Attività di ristoranti senza servizio al tavolo o da asporto, escluse gelaterie e pasticcerie","Self-service or takeaway restaurants, other than ice cream parlours and pastry shops","56.11.1","6","ATECO"
"56.11.21","Attività di gelaterie con servizio al tavolo","Table-service ice cream parlours","56.11.2","6","ATECO"
"56.11.22","Attività di gelaterie senza servizio al tavolo o da asporto","Self-service or take-away ice cream parlours","56.11.2","6","ATECO"
"56.11.23","Attività di pasticcerie con servizio al tavolo","Table-service pastry shops","56.11.2","6","ATECO"
"56.11.24","Attività di pasticcerie senza servizio al tavolo o da asporto","Self-service or takeaway pastry shops","56.11.2","6","ATECO"
"56.11.91","Attività di ristoranti connesse alle aziende agricole","Restaurant activities on the premises on farms","56.11.9","6","ATECO"
"56.11.92","Attività di ristoranti connesse alle aziende ittiche","Restaurant activities on the premises on fish farms","56.11.9","6","ATECO"
"56.11.93","Attività di ristoranti a bordo di mezzi di trasporto","Restaurant activities on transport equipment","56.11.9","6","ATECO"
"56.12.01","Attività di servizi di ristorazione mobile di ristoranti e altri esercizi di ristorazione simili","Mobile food service activities by restaurants and other similar food operators","56.12.0","6","ATECO"
"56.12.02","Attività di servizi di ristorazione mobile di gelaterie","Mobile food service activities by ice cream vendors","56.12.0","6","ATECO"
"56.12.03","Attività di servizi di ristorazione mobile di pasticcerie","Mobile food service activities by pastry vendors","56.12.0","6","ATECO"
"56.21.01","Attività di catering per eventi presso location dei clienti","Event catering activities on the premises of the client organisation","56.21.0","6","ATECO"
"56.21.02","Attività di catering per eventi presso sale per banchetti","Event catering activities on the premises of catering halls","56.21.0","6","ATECO"
"56.22.01","Attività di servizi di catering su base contrattuale","Contract catering service activities","56.22.0","6","ATECO"
"56.22.02","Altri servizi di ristorazione","Other food service activities","56.22.0","6","ATECO"
"56.30.01","Attività di somministrazione di bevande in bar e caffetterie","Beverage serving activities in bars and coffee houses","56.30.0","6","ATECO"
"56.30.02","Attività di somministrazione di bevande in lounge cocktail bar","Beverage serving activities in cocktail lounges","56.30.0","6","ATECO"
"56.30.03","Attività di somministrazione mobile di bevande","Mobile beverage serving activities","56.30.0","6","ATECO"
"56.30.04","Attività di somministrazione di bevande a bordo di mezzi di trasporto","Bar activities on transport equipment","56.30.0","6","ATECO"
"56.40.00","Attività di servizi di intermediazione per servizi di ristorazione","Intermediation service activities for food and beverage services activities","56.40.0","6","ATECO"
"58.11.00","Edizione di libri","Publishing of books","58.11.0","6","ATECO"
"58.12.00","Edizione di quotidiani","Publishing of newspapers","58.12.0","6","ATECO"
"58.13.00","Edizione di riviste e periodici","Publishing of journals and periodicals","58.13.0","6","ATECO"
"58.19.00","Altre attività editoriali, esclusa l'edizione di software","Other publishing activities, except software publishing","58.19.0","6","ATECO"
"58.21.00","Edizione di videogiochi","Publishing of video games","58.21.0","6","ATECO"
"58.29.00","Edizione di altri software","Other software publishing","58.29.0","6","ATECO"
"59.11.00","Attività di produzione cinematografica, di video e programmi televisivi","Motion picture, video and television programme production activities","59.11.0","6","ATECO"
"59.12.00","Attività di post-produzione cinematografica, di video e programmi televisivi","Motion picture, video and television programme post-production activities","59.12.0","6","ATECO"
"59.13.00","Attività di distribuzione cinematografica, di video e programmi televisivi","Motion picture and video distribution activities","59.13.0","6","ATECO"
"59.14.00","Attività di proiezione cinematografica","Motion picture projection activities","59.14.0","6","ATECO"
"59.20.10","Attività di registrazione sonora","Sound recording activities","59.20.1","6","ATECO"
"59.20.20","Editoria musicale","Music publishing activities","59.20.2","6","ATECO"
"60.10.00","Attività di trasmissione radiofonica e distribuzione di audio","Radio broadcasting and audio distribution activities","60.10.0","6","ATECO"
"60.20.00","Attività di programmazione e trasmissione televisive e di distribuzione di video","Television programming, broadcasting and video distribution activities","60.20.0","6","ATECO"
"60.31.00","Attività delle agenzie di stampa","News agency activities","60.31.0","6","ATECO"
"60.39.00","Altre attività di distribuzione di contenuti","Other content distribution activities","60.39.0","6","ATECO"
"61.10.01","Attività di telecomunicazioni fisse","Wired telecommunication activities","61.10.0","6","ATECO"
"61.10.02","Attività di telecomunicazioni mobili","Wireless telecommunication activities","61.10.0","6","ATECO"
"61.10.03","Attività di telecomunicazioni satellitari","Satellite telecommunication activities","61.10.0","6","ATECO"
"61.20.00","Attività di rivendita di telecomunicazioni e attività di servizi di intermediazione per telecomunicazioni","Telecommunication reselling activities and intermediation service activities for telecommunication","61.20.0","6","ATECO"
"61.90.10","Erogazione di servizi di accesso a Internet","Provision of internet access","61.90.1","6","ATECO"
"61.90.20","Erogazione di servizi di messaggistica e di notifica","Provision of text messaging and notification services","61.90.2","6","ATECO"
"61.90.90","Altre attività di telecomunicazioni n.c.a.","Other telecommunication activities n.e.c.","61.90.9","6","ATECO"
"62.10.00","Attività di programmazione informatica","Computer programming activities","62.10.0","6","ATECO"
"62.20.10","Attività di consulenza informatica","Computer consultancy","62.20.1","6","ATECO"
"62.20.20","Attività di gestione di strutture informatiche","Computer facilities management activities","62.20.2","6","ATECO"
"62.90.01","Configurazione di personal computer","Installation (setting-up) of personal computers","62.90.0","6","ATECO"
"62.90.09","Altre attività dei servizi connessi alle tecnologie dell'informazione e dell'informatica n.c.a.","Other information technology and computer service activities n.e.c.","62.90.0","6","ATECO"
"63.10.10","Fornitura di infrastrutture informatiche, hosting e attività connesse","Computing infrastructure, hosting and related activities","63.10.1","6","ATECO"
"63.10.21","Elaborazione dati contabili","Accounting data processing","63.10.2","6","ATECO"
"63.10.29","Elaborazione altri dati","Other data processing","63.10.2","6","ATECO"
"63.91.00","Attività dei portali di ricerca sul web","Web search portal activities","63.91.0","6","ATECO"
"63.92.00","Altre attività dei servizi di informazione","Other information service activities","63.92.0","6","ATECO"
"64.11.00","Attività delle banche centrali","Central banking","64.11.0","6","ATECO"
"64.19.10","Altre intermediazioni monetarie fornite da istituti monetari diversi dalla banca centrale","Other monetary intermediation provided by monetary institutions other than central banks","64.19.1","6","ATECO"
"64.19.20","Altre intermediazioni monetarie fornite da istituti di moneta elettronica","Other monetary intermediation provided by electronic money issuers","64.19.2","6","ATECO"
"64.19.30","Altre intermediazioni monetarie fornite da Cassa Depositi e Prestiti (CDP)","Other monetary intermediation provided by Cassa Depositi e Prestiti (CDP)","64.19.3","6","ATECO"
"64.21.00","Attività delle società di partecipazione (holding)","Activities of holding companies","64.21.0","6","ATECO"
"64.22.00","Attività dei conduit di finanziamento","Activities of financing conduits","64.22.0","6","ATECO"
"64.31.00","Attività dei fondi di investimento del mercato monetario e del mercato non monetario","Activities of money market and non-money market investments funds","64.31.0","6","ATECO"
"64.32.00","Attività di conti fiduciari, per la gestione dell'eredità e di agenzia","Activities of trust, estate and agency accounts","64.32.0","6","ATECO"
"64.91.00","Leasing finanziario","Financial leasing","64.91.0","6","ATECO"
"64.92.10","Attività di factoring","Factoring activities","64.92.1","6","ATECO"
"64.92.91","Altre attività di concessione del credito fornite dai consorzi di garanzia collettiva fidi","Other credit granting provided by loan guarantee consortia","64.92.9","6","ATECO"
"64.92.99","Altre attività varie di concessione del credito n.c.a.","Other various credit granting n.e.c.","64.92.9","6","ATECO"
"64.99.00","Altre attività di servizi finanziari, ad esclusione di assicurazioni e fondi pensione n.c.a.","Other financial service activities, except insurance and pension funding n.e.c.","64.99.0","6","ATECO"
"65.11.00","Assicurazioni sulla vita","Life insurance","65.11.0","6","ATECO"
"65.12.00","Assicurazioni diverse da quelle sulla vita","Non-life insurance","65.12.0","6","ATECO"
"65.20.00","Riassicurazioni","Reinsurance","65.20.0","6","ATECO"
"65.30.00","Fondi pensione","Pension funding","65.30.0","6","ATECO"
"66.11.00","Amministrazione di mercati finanziari","Administration of financial markets","66.11.0","6","ATECO"
"66.12.00","Attività di negoziazione di contratti relativi a titoli e merci","Security and commodity contracts brokerage","66.12.0","6","ATECO"
"66.19.10","Attività di elaborazione e liquidazione delle transazioni finanziarie tramite carta di credito","Financial transaction processing and settlement activities","66.19.1","6","ATECO"
"66.19.21","Attività di consulenza finanziaria fornite da consulenti finanziari abilitati all'offerta fuori sede","Financial advisory activities provided by financial advisors authorised for off-branch offerings","66.19.2","6","ATECO"
"66.19.22","Altre attività di consulenza finanziaria","Other financial advisory activities","66.19.2","6","ATECO"
"66.19.90","Altre attività ausiliarie dei servizi finanziari n.c.a., escluse assicurazioni e fondi pensione","Other activities auxiliary to financial services n.e.c., except insurance and pension funding","66.19.9","6","ATECO"
"66.21.00","Valutazione dei rischi e dei danni","Risk and damage evaluation","66.21.0","6","ATECO"
"66.22.00","Attività di agenti e intermediari delle assicurazioni","Activities of insurance agents and brokers","66.22.0","6","ATECO"
"66.29.01","Attività di vigilanza su assicurazioni e fondi pensione","Financial supervisory activities for insurance and pension funding","66.29.0","6","ATECO"
"66.29.09","Altre attività ausiliarie delle assicurazioni e dei fondi pensione n.c.a.","Other activities auxiliary to insurance and pension funding n.e.c.","66.29.0","6","ATECO"
"66.30.01","Gestione di organismi di investimento collettivo del risparmio, fondi pensione e portafogli","Management of collective investment undertakings, pension funds and portfolio","66.30.0","6","ATECO"
"66.30.02","Servizi di gestione di trust","Trustee services","66.30.0","6","ATECO"
"66.30.03","Servizi fiduciari e di custodia","Fiduciary and custody services","66.30.0","6","ATECO"
"68.11.00","Compravendita di beni immobili effettuata su beni propri","Buying and selling of own real estate","68.11.0","6","ATECO"
"68.12.00","Sviluppo di progetti immobiliari","Development of building projects","68.12.0","6","ATECO"
"68.20.01","Affitto e gestione di terreni per telecomunicazioni propri o in locazione","Rental and operating of own or leased non-residential land for telecommunication activities","68.20.0","6","ATECO"
"68.20.02","Affitto e gestione di altri terreni ed edifici non residenziali, impianti e fabbriche propri o in locazione","Rental and operating of own or leased non-residential land and buildings, plants and factories","68.20.0","6","ATECO"
"68.20.09","Affitto e gestione di beni immobili propri o in locazione n.c.a.","Rental and operating of own or leased real estate n.e.c.","68.20.0","6","ATECO"
"68.31.00","Attività di servizi di intermediazione per attività immobiliari","Intermediation service activities for real estate activities","68.31.0","6","ATECO"
"68.32.01","Gestione di beni immobili per conto terzi","Management of real estate on a fee or contract basis","68.32.0","6","ATECO"
"68.32.09","Altre attività immobiliari per conto terzi n.c.a.","Other real estate activities on a fee or contract basis n.e.c.","68.32.0","6","ATECO"
"69.10.10","Attività legali e giuridiche","Legal advice and representation activities","69.10.1","6","ATECO"
"69.10.20","Attività notarili","Notarial activities","69.10.2","6","ATECO"
"69.10.30","Attività di supporto alle attività legali, giuridiche e notarili","Support activities for legal activities","69.10.3","6","ATECO"
"69.20.01","Attività di commercialisti","Activities provided by accountants","69.20.0","6","ATECO"
"69.20.02","Attività di revisori legali in ambito contabile","Activities provided by accounting auditors","69.20.0","6","ATECO"
"69.20.03","Attività di esperti contabili","Activities provided by accounting experts","69.20.0","6","ATECO"
"69.20.04","Attività di consulenti del lavoro","Activities provided by labour consultants","69.20.0","6","ATECO"
"69.20.05","Attività di altri soggetti simili in materia di contabilità delle retribuzioni e buste paga","Activities provided by other similar consultants in the field of payroll accounting","69.20.0","6","ATECO"
"69.20.06","Attività di altri consulenti, periti e altri soggetti simili in ambito tributario e contabile","Activities provided by accounting consultants and other similar consultants","69.20.0","6","ATECO"
"69.20.07","Attività di centri di assistenza fiscale","Activities provided by tax assistance centres","69.20.0","6","ATECO"
"70.10.00","Attività di sedi centrali","Activities of head offices","70.10.0","6","ATECO"
"70.20.01","Attività di consulenza in materia di logistica","Logistics management consulting activities","70.20.0","6","ATECO"
"70.20.02","Attività di certificazione di processi","Certification of processes","70.20.0","6","ATECO"
"70.20.09","Consulenza imprenditoriale e altre attività di consulenza gestionale n.c.a.","Business and other management consultancy activities n.e.c.","70.20.0","6","ATECO"
"71.11.01","Progettazione, pianificazione e supervisione di scavi archeologici","Design, planning and overseeing of archaeological excavations","71.11.0","6","ATECO"
"71.11.09","Attività di architettura n.c.a.","Architectural activities n.e.c.","71.11.0","6","ATECO"
"71.12.10","Attività di ingegneria","Engineering activities","71.12.1","6","ATECO"
"71.12.20","Gestione di progetti relativi a opere di ingegneria integrata","Project management activities related to integrated engineering","71.12.2","6","ATECO"
"71.12.30","Elaborazione e supervisione di progetti da parte di geometri","Technical consulting provided by surveyors","71.12.3","6","ATECO"
"71.12.40","Attività di cartografia e aerofotogrammetria","Cartographic and aerophotogrammetric activities","71.12.4","6","ATECO"
"71.12.50","Attività di geologia, di prospezione geognostica e mineraria","Geophysical and geodetic surveying activities","71.12.5","6","ATECO"
"71.20.11","Collaudi e analisi tecniche per indagini archeologiche","Technical testing and analysis for archaeological surveys","71.20.1","6","ATECO"
"71.20.19","Altri collaudi e analisi tecniche di prodotti","Other technical testing and analysis of products","71.20.1","6","ATECO"
"71.20.21","Attività di riconoscimento dell'origine dei prodotti","Product origin assessment activities","71.20.2","6","ATECO"
"71.20.22","Revisione periodica a norma di legge dell'idoneità alla circolazione di autoveicoli e motocicli","Periodic road-safety testing of motor vehicles and motorcycles","71.20.2","6","ATECO"
"71.20.29","Altre attività di controllo di qualità e certificazione di prodotti","Other quality assessment and certification of products","71.20.2","6","ATECO"
"72.10.10","Ricerca e sviluppo sperimentale nel campo delle biotecnologie","Research and experimental development on biotechnology","72.10.1","6","ATECO"
"72.10.21","Ricerca e sviluppo sperimentale nel campo della geologia","Research and experimental development on geology","72.10.2","6","ATECO"
"72.10.22","Ricerca e sviluppo sperimentale nel campo della diagnostica per la conservazione dei beni culturali","Research and experimental development on conservation science","72.10.2","6","ATECO"
"72.10.29","Ricerca e sviluppo sperimentale nel campo delle altre scienze naturali e dell'ingegneria n.c.a.","Other research and experimental development on natural sciences and engineering n.e.c.","72.10.2","6","ATECO"
"72.20.01","Ricerca e sviluppo sperimentale nel campo dell'archeologia","Research and development on archaeology","72.20.0","6","ATECO"
"72.20.09","Ricerca e sviluppo sperimentale nel campo delle altre scienze sociali e umanistiche","Other activities of research and experimental development on social sciences and humanities","72.20.0","6","ATECO"
"73.11.01","Ideazione di campagne pubblicitarie","Creative advertising services","73.11.0","6","ATECO"
"73.11.02","Conduzione di campagne di marketing e altri servizi pubblicitari","Conducting marketing campaigns and other advertising services","73.11.0","6","ATECO"
"73.11.03","Attività di influencer marketing","Influencer marketing","73.11.0","6","ATECO"
"73.12.00","Attività di concessionarie pubblicitarie","Media representation","73.12.0","6","ATECO"
"73.20.00","Ricerche di mercato e sondaggi di opinione","Market research and public opinion polling","73.20.0","6","ATECO"
"73.30.01","Attività di rappresentanza di interessi","Lobbying activities","73.30.0","6","ATECO"
"73.30.02","Attività di informazione scientifica inerente prodotti farmaceutici e articoli medicali per scopi promozionali","Activities of sales representatives of pharmaceutical goods for promotion purposes","73.30.0","6","ATECO"
"73.30.03","Attività di promozione di altri prodotti","Activities of sales representatives of other goods for promotion purposes","73.30.0","6","ATECO"
"73.30.09","Pubbliche relazioni e comunicazione n.c.a.","Public relations and communication activities n.e.c.","73.30.0","6","ATECO"
"74.11.10","Attività di progettazione di prodotti industriali","Industrial product design activities","74.11.1","6","ATECO"
"74.11.20","Attività di progettazione di moda","Fashion design activities","74.11.2","6","ATECO"
"74.12.01","Grafica di pagine web","Graphic design of web pages","74.12.0","6","ATECO"
"74.12.09","Altre attività di progettazione grafica e di comunicazione visiva","Other graphic design and visual communication activities","74.12.0","6","ATECO"
"74.13.00","Attività di progettazione di interni","Interior design activities","74.13.0","6","ATECO"
"74.14.01","Attività di progettazione specializzata fornite da disegnatori tecnici","Specialised design activities provided by draughtsmen","74.14.0","6","ATECO"
"74.14.09","Altre attività di progettazione specializzata n.c.a.","Other specialised design activities n.e.c.","74.14.0","6","ATECO"
"74.20.11","Attività fotografiche fornite da fotoreporter","Activities of photojournalists","74.20.1","6","ATECO"
"74.20.12","Attività fotografiche aeree e subacquee","Aerial and underwater photography","74.20.1","6","ATECO"
"74.20.19","Altre attività fotografiche specializzate","Other specialised photographic activities","74.20.1","6","ATECO"
"74.20.20","Attività di sviluppo e stampa e altre attività fotografiche","Photographic processing and other photographic activities","74.20.2","6","ATECO"
"74.30.00","Attività di traduzione e interpretariato","Translation and interpretation activities","74.30.0","6","ATECO"
"74.91.00","Attività di servizi di intermediazione e marketing di brevetti","Patent brokering and marketing service activities","74.91.0","6","ATECO"
"74.99.11","Attività di consulenza agraria fornite da agronomi","Agricultural consulting activities provided by agronomists","74.99.1","6","ATECO"
"74.99.12","Attività di consulenza agraria fornite da agrotecnici","Agricultural consulting activities provided by agrotechnicians","74.99.1","6","ATECO"
"74.99.13","Attività di consulenza agraria fornite da periti agrari","Agricultural consulting activities provided by agricultural surveyors","74.99.1","6","ATECO"
"74.99.14","Attività di consulenza agraria fornite da altri economisti specializzati in agricoltura","Agricultural consulting activities provided by other agricultural economists","74.99.1","6","ATECO"
"74.99.15","Attività di consulenza agraria viticolo enologica fornite da enologi","Agricultural wine-growing and wine-making consulting activities provided by oenologists","74.99.1","6","ATECO"
"74.99.16","Attività di consulenza agraria viticolo enologica fornite da enotecnici","Agricultural wine-growing and wine-making consulting activities provided by wine technicians","74.99.1","6","ATECO"
"74.99.19","Altre attività di consulenza agraria n.c.a.","Agricultural consulting activities n.e.c.","74.99.1","6","ATECO"
"74.99.21","Attività di consulenza in materia di sicurezza e salute dei posti di lavoro","Consulting in the area of occupational safety and health at the workplace","74.99.2","6","ATECO"
"74.99.29","Altre attività di consulenza in materia di sicurezza","Other security consulting activities","74.99.2","6","ATECO"
"74.99.31","Attività di consulenza in materia di prevenzione e riduzione dell'inquinamento e di gestione dei rifiuti","Consulting in the area of prevention and reduction of pollution and of waste management","74.99.3","6","ATECO"
"74.99.32","Attività di consulenza in materia di gestione delle risorse energetiche, energie rinnovabili ed efficienza energetica","Consulting in the area of energy resource management, renewable energy and energy efficiency","74.99.3","6","ATECO"
"74.99.33","Attività di consulenza in materia di gestione delle risorse idriche, minerali e altre risorse naturali per usi differenti da quelli energetici","Consulting in the area of management of water, mineral and other natural resources used for non-energy purposes","74.99.3","6","ATECO"
"74.99.41","Attività di consulenza fornite da enotecari e sommelier","Consulting activities provided by wine merchants and sommeliers","74.99.4","6","ATECO"
"74.99.42","Attività di consulenza in gastronomia","Consulting activities in gastronomy","74.99.4","6","ATECO"
"74.99.91","Attività tecniche svolte da periti industriali","Technical consulting provided by industrial experts","74.99.9","6","ATECO"
"74.99.92","Attività di previsione meteorologica","Weather forecasting activities","74.99.9","6","ATECO"
"74.99.93","Attività di agenzie, agenti e procuratori per lo spettacolo e lo sport","Activities carried out by entertainment and sport agents and agencies on behalf of individuals","74.99.9","6","ATECO"
"74.99.94","Attività di consulenza tecnica in ambito grafologico","Technical consulting on graphology","74.99.9","6","ATECO"
"74.99.99","Tutte le altre attività varie professionali, scientifiche e tecniche n.c.a.","All other various professional, scientific and technical activities n.e.c.","74.99.9","6","ATECO"
"75.00.00","Servizi veterinari","Veterinary activities","75.00.0","6","ATECO"
"77.11.00","Noleggio e leasing operativo di automobili e autoveicoli leggeri","Rental and leasing of cars and light motor vehicles","77.11.0","6","ATECO"
"77.12.00","Noleggio e leasing operativo di autocarri","Rental and leasing of trucks","77.12.0","6","ATECO"
"77.21.01","Noleggio e leasing operativo di biciclette","Rental and leasing of bicycles","77.21.0","6","ATECO"
"77.21.02","Noleggio e leasing operativo di imbarcazioni da diporto senza operatore","Rental and leasing of pleasure boats without operator","77.21.0","6","ATECO"
"77.21.09","Noleggio e leasing operativo di altre attrezzature e articoli sportivi e ricreativi","Rental and leasing of other recreational and sports goods","77.21.0","6","ATECO"
"77.22.10","Noleggio e leasing operativo di tessili, articoli di abbigliamento e calzature","Rental and leasing of textiles, wearing apparel and footwear","77.22.1","6","ATECO"
"77.22.90","Noleggio e leasing operativo di altri beni per uso personale e per la casa n.c.a.","Rental and leasing of other personal and household goods n.e.c.","77.22.9","6","ATECO"
"77.31.00","Noleggio e leasing operativo di macchine e attrezzature agricole","Rental and leasing of agricultural machinery and equipment","77.31.0","6","ATECO"
"77.32.00","Noleggio e leasing operativo di macchine e attrezzature per lavori edili e di ingegneria civile","Rental and leasing of construction and civil engineering machinery and equipment","77.32.0","6","ATECO"
"77.33.00","Noleggio e leasing operativo di macchine, attrezzature e computer per ufficio","Rental and leasing of office machinery, equipment and computers","77.33.0","6","ATECO"
"77.34.00","Noleggio e leasing operativo di mezzi di trasporto marittimi, fluviali e lacustri","Rental and leasing of water transport equipment","77.34.0","6","ATECO"
"77.35.00","Noleggio e leasing operativo di mezzi di trasporto aereo","Rental and leasing of air transport equipment","77.35.0","6","ATECO"
"77.39.10","Noleggio e leasing operativo di altri mezzi di trasporto terrestre","Rental and leasing of other land transport equipment","77.39.1","6","ATECO"
"77.39.91","Noleggio e leasing operativo di apparecchi di sollevamento e movimentazione merci","Rental and leasing of lifting and handling equipment","77.39.9","6","ATECO"
"77.39.92","Noleggio e leasing operativo di strutture e attrezzature per manifestazioni e spettacoli","Rental and leasing of furniture and equipment for events","77.39.9","6","ATECO"
"77.39.99","Noleggio e leasing operativo di altre macchine, attrezzature e beni materiali vari n.c.a.","Rental and leasing of other various machinery, equipment and tangible goods n.e.c.","77.39.9","6","ATECO"
"77.40.00","Concessione dei diritti di sfruttamento di proprietà intellettuale, escluse le opere soggette a diritto d'autore","Leasing of intellectual property and similar products, except copyrighted works","77.40.0","6","ATECO"
"77.51.00","Attività di servizi di intermediazione per il noleggio e il leasing operativo di automobili, autocaravan e rimorchi","Intermediation service activities for rental and leasing of cars, motorhomes and trailers","77.51.0","6","ATECO"
"77.52.00","Attività di servizi di intermediazione per il noleggio e il leasing operativo di altri beni materiali e beni immateriali non finanziari","Intermediation service activities for rental and leasing of other tangible goods and non-financial intangible assets","77.52.0","6","ATECO"
"78.10.00","Attività di agenzie di collocamento","Activities of employment placement agencies","78.10.0","6","ATECO"
"78.20.00","Attività di agenzie di lavoro interinale e altre attività di fornitura di risorse umane","Temporary employment agency activities and other human resource provisions","78.20.0","6","ATECO"
"79.11.00","Attività di agenzie di viaggio","Travel agency activities","79.11.0","6","ATECO"
"79.12.00","Attività di tour operator","Tour operator activities","79.12.0","6","ATECO"
"79.90.01","Servizi di guida turistica","Activities of tourist guides","79.90.0","6","ATECO"
"79.90.02","Servizi di accompagnamento in ambiente naturale","Activities of nature guides","79.90.0","6","ATECO"
"79.90.03","Altri servizi di accompagnamento turistico","Activities of tour guides","79.90.0","6","ATECO"
"79.90.04","Altre attività di assistenza turistica","Other visitor assistance services","79.90.0","6","ATECO"
"80.01.11","Attività di investigazione in ambito privato","Investigation activities in the private field","80.01.1","6","ATECO"
"80.01.12","Attività di investigazione in ambito aziendale e commerciale","Investigation activities in the commercial field","80.01.1","6","ATECO"
"80.01.13","Attività di investigazione in ambito assicurativo","Investigation activities in the insurance field","80.01.1","6","ATECO"
"80.01.14","Attività di investigazione in ambito legale","Investigation activities in the legal field","80.01.1","6","ATECO"
"80.01.21","Attività di vigilanza privata non armata","Private unarmed security activities","80.01.2","6","ATECO"
"80.01.29","Altre attività di vigilanza privata","Other private security activities","80.01.2","6","ATECO"
"80.09.00","Attività di vigilanza n.c.a.","Security activities n.e.c.","80.09.0","6","ATECO"
"81.10.00","Attività di servizi integrati agli edifici","Combined facilities support activities","81.10.0","6","ATECO"
"81.21.00","Attività di pulizia generale di edifici","General cleaning of buildings","81.21.0","6","ATECO"
"81.22.01","Attività di sterilizzazione di attrezzature mediche","Sterilisation activities of medical equipment","81.22.0","6","ATECO"
"81.22.09","Altre attività di pulizia di edifici e pulizia industriale n.c.a.","Other building and industrial cleaning activities n.e.c.","81.22.0","6","ATECO"
"81.23.10","Attività di sanificazione, disinfezione e disinfestazione","Sanitising, disinfecting and exterminating activities","81.23.1","6","ATECO"
"81.23.91","Pulitura delle strade e rimozione di neve e ghiaccio","Street sweeping and snow and ice removal","81.23.9","6","ATECO"
"81.23.99","Altre attività di pulizia varie n.c.a.","Other various cleaning activities n.e.c.","81.23.9","6","ATECO"
"81.30.00","Attività di servizi per la cura del paesaggio","Landscape service activities","81.30.0","6","ATECO"
"82.10.00","Attività amministrative e di supporto per le funzioni di ufficio","Office administrative and support activities","82.10.0","6","ATECO"
"82.20.00","Attività dei call center","Activities of call centres","82.20.0","6","ATECO"
"82.30.01","Organizzazione di conferenze e congressi","Organisation of conferences and congresses","82.30.0","6","ATECO"
"82.30.02","Organizzazione di fiere commerciali e di affari","Organisation of business and trade shows","82.30.0","6","ATECO"
"82.30.03","Organizzazione di convegni ed eventi aziendali","Organisation of conventions and company events","82.30.0","6","ATECO"
"82.30.04","Organizzazione di mercati agricoli e fiere dell'artigianato","Organisation of farmers' markets and craft fairs","82.30.0","6","ATECO"
"82.30.09","Organizzazione di altri eventi","Organisation of other events","82.30.0","6","ATECO"
"82.40.01","Attività di servizi di prenotazione di biglietti per spettacoli teatrali, sportivi e altri spettacoli di intrattenimento e divertimento","Reservation services for theatrical, sport, amusement and entertainment tickets","82.40.0","6","ATECO"
"82.40.09","Altre attività di servizi di intermediazione per servizi di supporto alle imprese n.c.a.","Other intermediation service activities for business support service activities n.e.c.","82.40.0","6","ATECO"
"82.91.10","Attività di recupero crediti","Activities of collection agencies","82.91.1","6","ATECO"
"82.91.20","Attività di raccolta e fornitura di informazioni commerciali e di rating","Activities of credit bureaus and rating agencies","82.91.2","6","ATECO"
"82.92.10","Attività di imballaggio di generi alimentari","Packaging activities of beverages and food","82.92.1","6","ATECO"
"82.92.20","Attività di imballaggio di generi non alimentari","Packaging activities of other goods","82.92.2","6","ATECO"
"82.99.11","Fornitura di assistenza per la registrazione di autoveicoli","Providing assistance in motor vehicle registration","82.99.1","6","ATECO"
"82.99.19","Richiesta certificati e disbrigo pratiche n.c.a.","Requesting certificates and handling practices n.e.c.","82.99.1","6","ATECO"
"82.99.91","Rilevamento del consumo di calore e acqua calda","Reading of consumption of heat and hot water","82.99.9","6","ATECO"
"82.99.99","Tutti gli altri servizi vari di supporto alle imprese n.c.a.","All other various business support service activities n.e.c.","82.99.9","6","ATECO"
"84.11.10","Attività degli organi legislativi ed esecutivi e delle amministrazioni centrali e locali","Activities of executive, legislative and fiscal administration of central, regional and local bodies","84.11.1","6","ATECO"
"84.11.20","Servizi di gestione esattoriale per conto terzi","Tax collection services on behalf of third parties","84.11.2","6","ATECO"
"84.11.30","Attività di pianificazione generale e servizi statistici generali","Activities of overall planning and statistical services","84.11.3","6","ATECO"
"84.12.10","Regolamentazione dei servizi di assistenza sanitaria","Regulation of health care services","84.12.1","6","ATECO"
"84.12.20","Regolamentazione dei servizi di istruzione","Regulation of education services","84.12.2","6","ATECO"
"84.12.30","Regolamentazione dei servizi per l'edilizia abitativa e la tutela dell'ambiente","Regulation of housing and environmental protection services","84.12.3","6","ATECO"
"84.12.40","Regolamentazione dei servizi culturali e di altri servizi sociali","Regulation of cultural services and other social services","84.12.4","6","ATECO"
"84.13.10","Regolamentazione dei servizi connessi a agricoltura, silvicoltura, caccia e pesca","Regulation of agriculture-, forestry-, fishing- and hunting-related services","84.13.1","6","ATECO"
"84.13.20","Regolamentazione dei servizi connessi a combustibili ed energia","Regulation of fuel- and energy-related services","84.13.2","6","ATECO"
"84.13.30","Regolamentazione dei servizi connessi a industrie estrattive e risorse minerarie, industrie manifatturiere e di costruzione","Regulation of mining- and mineral resources-, manufacturing- and construction-related services","84.13.3","6","ATECO"
"84.13.40","Regolamentazione dei servizi connessi a trasporti e comunicazioni","Regulation of transport- and communications-related services","84.13.4","6","ATECO"
"84.13.50","Regolamentazione dei servizi connessi a commercio, servizi di alloggio e ristorazione","Regulation of services related to the distributive and catering trades, hotels and restaurants","84.13.5","6","ATECO"
"84.13.60","Regolamentazione dei servizi connessi al turismo","Regulation of services tourism-related","84.13.6","6","ATECO"
"84.13.90","Regolamentazione di altri servizi","Regulation of other services","84.13.9","6","ATECO"
"84.21.00","Affari esteri","Foreign affairs","84.21.0","6","ATECO"
"84.22.00","Difesa nazionale","Defence activities","84.22.0","6","ATECO"
"84.23.00","Giustizia e attività giudiziarie","Justice and judicial activities","84.23.0","6","ATECO"
"84.24.10","Ordine pubblico e sicurezza nazionale delle Forze dell'Ordine","Public order and national security of the Forces of Law and Order","84.24.1","6","ATECO"
"84.24.20","Attività di supporto all'ordine pubblico e alla sicurezza nazionale fornite dalla Protezione Civile","Public order and national security support activities provided by Civil Protection","84.24.2","6","ATECO"
"84.25.00","Servizi antincendio","Fire service activities","84.25.0","6","ATECO"
"84.30.00","Assicurazione sociale obbligatoria","Compulsory social security activities","84.30.0","6","ATECO"
"85.10.00","Istruzione prescolastica","Pre-primary education","85.10.0","6","ATECO"
"85.20.00","Istruzione primaria","Primary education","85.20.0","6","ATECO"
"85.31.10","Istruzione secondaria di formazione generale di primo grado","Lower general secondary education","85.31.1","6","ATECO"
"85.31.20","Istruzione secondaria di formazione generale di secondo grado","Upper general secondary education","85.31.2","6","ATECO"
"85.32.01","Istruzione secondaria professionale erogata da scuole di vela e navigazione","Vocational secondary education provided by sailing and shipping schools","85.32.0","6","ATECO"
"85.32.02","Istruzione secondaria professionale erogata da scuole di volo","Vocational secondary education provided by flying schools","85.32.0","6","ATECO"
"85.32.03","Istruzione secondaria professionale erogata da scuole di guida","Vocational secondary education provided by driving schools","85.32.0","6","ATECO"
"85.32.09","Altra istruzione secondaria professionale n.c.a.","Other vocational secondary education n.e.c.","85.32.0","6","ATECO"
"85.33.00","Istruzione post-secondaria non terziaria","Post-secondary non-tertiary education","85.33.0","6","ATECO"
"85.40.10","Istruzione terziaria non universitaria professionale","Short-cycle tertiary education","85.40.1","6","ATECO"
"85.40.20","Istruzione terziaria universitaria di primo, secondo e terzo ciclo e a ciclo unico","Other tertiary education","85.40.2","6","ATECO"
"85.51.01","Insegnamento di pilates fornito da insegnanti e istruttori indipendenti","Pilates instruction by individual teachers and trainers","85.51.0","6","ATECO"
"85.51.09","Formazione sportiva e ricreativa n.c.a.","Sports and recreation education n.e.c.","85.51.0","6","ATECO"
"85.52.01","Corsi di danza","Dance instruction","85.52.0","6","ATECO"
"85.52.02","Attività di educazione al patrimonio culturale","Cultural heritage education","85.52.0","6","ATECO"
"85.52.09","Altra formazione culturale","Other cultural education","85.52.0","6","ATECO"
"85.53.00","Attività di scuole guida","Driving school activities","85.53.0","6","ATECO"
"85.59.10","Corsi di lingua straniera","Foreign language instruction","85.59.1","6","ATECO"
"85.59.20","Corsi di formazione e corsi di aggiornamento professionale","Computer training and professional examination review courses","85.59.2","6","ATECO"
"85.59.30","Altri servizi di istruzione e formazione n.c.a. forniti da università popolari","Other education n.e.c. provided by the so-called università popolari","85.59.3","6","ATECO"
"85.59.91","Corsi di educazione consapevole attraverso il movimento","Courses of awareness through movement","85.59.9","6","ATECO"
"85.59.99","Tutti gli altri servizi vari di istruzione e formazione n.c.a.","All other various educational activities n.e.c.","85.59.9","6","ATECO"
"85.61.00","Attività di servizi di intermediazione per corsi e tutor","Intermediation service activities for courses and tutors","85.61.0","6","ATECO"
"85.69.01","Consulenza scolastica e servizi di orientamento scolastico","Educational guidance counselling activities","85.69.0","6","ATECO"
"85.69.09","Altri servizi vari di supporto all'istruzione e formazione n.c.a.","Other educational support activities n.e.c.","85.69.0","6","ATECO"
"86.10.00","Attività ospedaliere","Hospital activities","86.10.0","6","ATECO"
"86.21.00","Attività di medicina generale","General medical practice activities","86.21.0","6","ATECO"
"86.22.01","Trattamenti di chirurgia estetica","Cosmetic surgery activities","86.22.0","6","ATECO"
"86.22.02","Altre attività di medicina specialistica svolte da medici specialisti indipendenti","Other medical specialists activities by medical specialists and surgeons","86.22.0","6","ATECO"
"86.22.03","Altre attività di medicina specialistica svolte presso cliniche e centri specialistici","Other medical specialists activities by dedicated centres or day clinics","86.22.0","6","ATECO"
"86.23.00","Attività odontoiatriche","Dental practice care activities","86.23.0","6","ATECO"
"86.91.01","Attività di diagnostica per immagini","Diagnostic imaging services","86.91.0","6","ATECO"
"86.91.02","Attività di laboratorio medico","Medical laboratory activities","86.91.0","6","ATECO"
"86.92.00","Trasporto di pazienti in ambulanza","Patient transportation by ambulance","86.92.0","6","ATECO"
"86.93.00","Attività di psicologi e psicoterapeuti, esclusi i medici","Activities of psychologists and psychotherapists, except medical doctors","86.93.0","6","ATECO"
"86.94.01","Attività infermieristiche","Nursing activities","86.94.0","6","ATECO"
"86.94.02","Attività ostetriche","Midwifery activities","86.94.0","6","ATECO"
"86.95.00","Attività di fisioterapia","Physiotherapy activities","86.95.0","6","ATECO"
"86.96.01","Chinesiologia","Kinesiology","86.96.0","6","ATECO"
"86.96.09","Attività di medicine complementari e alternative n.c.a.","Traditional, complementary and alternative medicine activities n.e.c.","86.96.0","6","ATECO"
"86.97.00","Attività di servizi di intermediazione per attività mediche, odontoiatriche e altri servizi per la salute umana","Intermediation service activities for medical, dental and other human health services","86.97.0","6","ATECO"
"86.99.01","Tecniche di trattamento del corpo","Body treatment techniques","86.99.0","6","ATECO"
"86.99.02","Danza-movimento terapia","Dance and movement therapy","86.99.0","6","ATECO"
"86.99.03","Attività di psicomotricità","Psychomotor activities","86.99.0","6","ATECO"
"86.99.09","Altre attività varie per la salute umana n.c.a.","Other various human health activities n.e.c.","86.99.0","6","ATECO"
"87.10.00","Attività di assistenza infermieristica residenziale","Residential nursing care activities","87.10.0","6","ATECO"
"87.20.00","Attività di assistenza residenziale per persone affette da disturbi mentali o abuso di sostanze","Residential care activities for persons living with or having a diagnosis of a mental illness or substance abuse","87.20.0","6","ATECO"
"87.30.00","Attività di assistenza residenziale per anziani o persone con disabilità fisiche","Residential care activities for older persons or persons with physical disabilities","87.30.0","6","ATECO"
"87.91.00","Attività di servizi di intermediazione per attività di assistenza residenziale","Intermediation service activities for residential care activities","87.91.0","6","ATECO"
"87.99.00","Altre attività di assistenza residenziale n.c.a.","Other residential care activities n.e.c.","87.99.0","6","ATECO"
"88.10.00","Attività di assistenza sociale non residenziale per anziani o persone con disabilità","Social work activities without accommodation for older persons or persons with disabilities","88.10.0","6","ATECO"
"88.91.00","Attività di assistenza diurna per l'infanzia","Child day-care activities","88.91.0","6","ATECO"
"88.99.01","Servizi di counselling","Counselling services","88.99.0","6","ATECO"
"88.99.02","Consulenza familiare","Marriage and family guidance","88.99.0","6","ATECO"
"88.99.03","Mediazione culturale e interculturale","Cultural and intercultural mediation activities","88.99.0","6","ATECO"
"88.99.04","Altre attività di assistenza sociale non residenziale fornite da pedagogisti","Social work activities without accommodation provided by pedagogues","88.99.0","6","ATECO"
"88.99.09","Altre attività varie di assistenza sociale non residenziale n.c.a.","Other various social work activities without accommodation n.e.c.","88.99.0","6","ATECO"
"90.11.01","Attività di giornalisti indipendenti","Activities of independent journalists","90.11.0","6","ATECO"
"90.11.02","Attività di blogger indipendenti","Activities of independent bloggers","90.11.0","6","ATECO"
"90.11.09","Altre attività di creazione letteraria e composizione musicale","Other literary creation and musical composition activities","90.11.0","6","ATECO"
"90.12.00","Attività di creazione di arti visive","Visual arts creation activities","90.12.0","6","ATECO"
"90.13.00","Altre attività di creazione artistica","Other arts creation activities","90.13.0","6","ATECO"
"90.20.01","Attività nel campo della recitazione","Activities of acting","90.20.0","6","ATECO"
"90.20.09","Altre attività di arti performative e rappresentazioni artistiche","Other activities of performing arts","90.20.0","6","ATECO"
"90.31.00","Gestione di strutture e spazi per le arti","Operation of arts facilities and sites","90.31.0","6","ATECO"
"90.39.01","Attività nel campo della regia","Activities of directing","90.39.0","6","ATECO"
"90.39.09","Altre attività di supporto alle arti performative e alle rappresentazioni artistiche n.c.a.","Other support activities to arts and performing arts n.e.c.","90.39.0","6","ATECO"
"91.11.00","Attività di biblioteche","Library activities","91.11.0","6","ATECO"
"91.12.00","Attività di archivi","Archive activities","91.12.0","6","ATECO"
"91.21.00","Attività di musei e collezioni","Museum and collection activities","91.21.0","6","ATECO"
"91.22.00","Attività di luoghi e monumenti storici","Historical site and monument activities","91.22.0","6","ATECO"
"91.30.01","Conservazione e restauro del patrimonio culturale","Conservation and restoration of cultural heritage","91.30.0","6","ATECO"
"91.30.02","Creazione e gestione di apparecchiature multimediali per l'accompagnamento alle visite in musei e altri siti culturali","Creation and operation of multimedia equipment adapted for tours in museums and other cultural sites","91.30.0","6","ATECO"
"91.30.09","Altre attività di supporto al patrimonio culturale","Other support activities for cultural heritage","91.30.0","6","ATECO"
"91.41.00","Attività di orti botanici e giardini zoologici","Botanical and zoological garden activities","91.41.0","6","ATECO"
"91.42.00","Attività di riserve e parchi naturali","Nature reserve activities","91.42.0","6","ATECO"
"92.00.01","Gestione di apparecchi che consentono vincite in denaro funzionanti a moneta o a gettone","Operation (exploitation) of coin- or token-operated gambling machines","92.00.0","6","ATECO"
"92.00.09","Altre attività di scommesse, lotterie e altri giochi d'azzardo","Other gambling and betting activities","92.00.0","6","ATECO"
"93.11.10","Gestione di piscine","Operation of swimming pools","93.11.1","6","ATECO"
"93.11.90","Gestione di altri impianti sportivi","Operation of other sports facilities","93.11.9","6","ATECO"
"93.12.00","Attività dei club sportivi","Activities of sports clubs","93.12.0","6","ATECO"
"93.13.01","Attività di studi di yoga, pilates e Tai Chi","Activities of yoga, pilates and tai chi studios","93.13.0","6","ATECO"
"93.13.09","Altre attività dei centri di fitness","Other activities of fitness centres","93.13.0","6","ATECO"
"93.19.10","Attività di organizzazioni ed enti sportivi e promozione di eventi sportivi","Activities of sport governing bodies and activities related to promotion of sporting events","93.19.1","6","ATECO"
"93.19.91","Attività di ricarica di bombole per attività subacquee","Refilling of scuba diving tanks activities","93.19.9","6","ATECO"
"93.19.92","Attività di guida alpina","Activities of mountain guides","93.19.9","6","ATECO"
"93.19.93","Attività di guida di pesca","Activities of fishing guides","93.19.9","6","ATECO"
"93.19.99","Altre attività sportive varie n.c.a.","Other various sports activities n.e.c.","93.19.9","6","ATECO"
"93.21.00","Attività dei parchi di divertimento e dei parchi tematici","Activities of amusement parks and theme parks","93.21.0","6","ATECO"
"93.29.10","Gestione di piste e sale da ballo","Operation of dance floors and ballrooms","93.29.1","6","ATECO"
"93.29.20","Gestione di stabilimenti balneari","Operation of bathing beaches","93.29.2","6","ATECO"
"93.29.30","Gestione di apparecchi da intrattenimento che non consentono vincite in denaro funzionanti a moneta o a gettone","Operation of coin-operated or token-operated non-money-winning amusement machines","93.29.3","6","ATECO"
"93.29.91","Gestione di attrazioni e attività di spettacolo in forma itinerante","Non-permanent and non-site-based operation of a variety of attractions","93.29.9","6","ATECO"
"93.29.99","Altre attività varie di intrattenimento e divertimento n.c.a.","Other various amusement and recreation activities n.e.c.","93.29.9","6","ATECO"
"94.11.00","Attività di organizzazioni di imprese e dei datori di lavoro","Activities of business and employers membership organisations","94.11.0","6","ATECO"
"94.12.10","Attività di ordini e collegi professionali","Activities of professional membership organisations whose membership as members is essential for the practice of the profession","94.12.1","6","ATECO"
"94.12.20","Attività di associazioni professionali","Activities of other professional membership organisations","94.12.2","6","ATECO"
"94.20.00","Attività dei sindacati di lavoratori","Activities of trade unions","94.20.0","6","ATECO"
"94.91.00","Attività delle organizzazioni religiose","Activities of religious organisations","94.91.0","6","ATECO"
"94.92.00","Attività delle organizzazioni politiche","Activities of political organisations","94.92.0","6","ATECO"
"94.99.10","Attività di organizzazioni associative per la tutela degli interessi e dei diritti dei cittadini","Activities of organisations for the protection of citizens and consumers","94.99.1","6","ATECO"
"94.99.20","Attività di organizzazioni associative culturali e ricreative","Activities of cultural and recreational organisations","94.99.2","6","ATECO"
"94.99.30","Attività di organizzazioni associative a scopo patriottico","Activities of organisations for patriotic purposes","94.99.3","6","ATECO"
"94.99.40","Attività di organizzazioni associative per la cooperazione internazionale","Activities of international cooperation and solidarity organisations","94.99.4","6","ATECO"
"94.99.50","Attività di organizzazioni associative filantropiche","Activities of philanthropic and voluntarism promotion organisations","94.99.5","6","ATECO"
"94.99.60","Attività di organizzazioni associative per la promozione e la difesa degli animali e dell'ambiente","Activities of organisations for the protection of environmental and animals","94.99.6","6","ATECO"
"94.99.90","Attività di altre organizzazioni associative varie n.c.a.","Activities of other various membership organisations n.e.c.","94.99.9","6","ATECO"
"95.10.10","Riparazione e manutenzione di computer e periferiche","Repair and maintenance of computers and peripheral equipment","95.10.1","6","ATECO"
"95.10.21","Riparazione e manutenzione di telefoni e tablet","Repair and maintenance of telephones and tablets","95.10.2","6","ATECO"
"95.10.29","Riparazione e manutenzione di altre apparecchiature per le comunicazioni","Repair and maintenance of other communication equipment","95.10.2","6","ATECO"
"95.21.00","Riparazione e manutenzione di prodotti di elettronica di consumo","Repair and maintenance of consumer electronics","95.21.0","6","ATECO"
"95.22.01","Riparazione e manutenzione di elettrodomestici","Repair and maintenance of household appliances","95.22.0","6","ATECO"
"95.22.02","Riparazione e manutenzione di articoli per la casa e il giardinaggio","Repair and maintenance of home and garden equipment","95.22.0","6","ATECO"
"95.23.00","Riparazione e manutenzione di calzature e articoli in pelle","Repair and maintenance of footwear and leather goods","95.23.0","6","ATECO"
"95.24.01","Rivestimento di mobili e oggetti di arredamento per la casa imbottiti","Reupholstering of furniture and home furnishings","95.24.0","6","ATECO"
"95.24.09","Altre attività di riparazione e manutenzione di mobili e di oggetti di arredamento per la casa","Other repair and maintenance of furniture and home furnishings","95.24.0","6","ATECO"
"95.25.00","Riparazione e manutenzione di orologi e gioielli","Repair and maintenance of watches, clocks and jewellery","95.25.0","6","ATECO"
"95.29.10","Riparazione e accordatura di strumenti musicali non storici","Repair and tuning of non-historical musical instruments","95.29.1","6","ATECO"
"95.29.21","Riparazione e manutenzione di biciclette","Repair and maintenance of bicycles","95.29.2","6","ATECO"
"95.29.22","Riparazione e manutenzione di articoli sportivi e attrezzature da campeggio","Repair and maintenance of sporting goods and camping equipment","95.29.2","6","ATECO"
"95.29.30","Riparazione e modifica di articoli di abbigliamento","Repair and alteration of clothing","95.29.3","6","ATECO"
"95.29.91","Affilatura di coltelli, servizi di duplicazione di chiavi e di incisione rapida","Knife sharpening, key cutting activities and while-you-wait engraving","95.29.9","6","ATECO"
"95.29.99","Riparazione e manutenzione di altri beni vari per uso personale e per la casa n.c.a.","Repair and maintenance of other various personal and household goods n.e.c.","95.29.9","6","ATECO"
"95.31.10","Riparazione e manutenzione meccanica, elettrica ed elettronica di autoveicoli","Mechanical, electrical and electronic repair and maintenance of motor vehicles","95.31.1","6","ATECO"
"95.31.20","Riparazione e manutenzione di carrozzerie di autoveicoli","Repair and maintenance of bodywork of motor vehicles","95.31.2","6","ATECO"
"95.31.30","Riparazione, montaggio o sostituzione di pneumatici e camere d'aria di autoveicoli","Repair, fitting or replacement service activities for tubes and tyres","95.31.3","6","ATECO"
"95.31.91","Lavaggio di autoveicoli","Washing of motor vehicles","95.31.9","6","ATECO"
"95.31.92","Riparazione e manutenzione di cellule abitative per caravan e autocaravan","Repair and maintenance of caravan and motorhome housing cells","95.31.9","6","ATECO"
"95.31.99","Altre attività di riparazione e manutenzione di autoveicoli n.c.a.","Other repair and maintenance of motor vehicles n.e.c.","95.31.9","6","ATECO"
"95.32.00","Riparazione e manutenzione di motocicli","Repair and maintenance of motorcycles","95.32.0","6","ATECO"
"95.40.00","Attività di servizi di intermediazione per la riparazione e la manutenzione di computer, beni per uso personale e per la casa, autoveicoli e motocicli","Intermediation service activities for repair and maintenance of computers, personal and household goods, and motor vehicles and motorcycles","95.40.0","6","ATECO"
"96.10.11","Lavaggio e pulitura di prodotti tessili forniti da lavanderie industriali per industrie, ospedali e altre strutture simili","Washing and cleaning of textile products for industries and hospitals","96.10.1","6","ATECO"
"96.10.12","Lavaggio e pulitura di prodotti tessili forniti da lavanderie industriali per ristorazione, alberghi e altri servizi di alloggio","Washing and cleaning of textile products for restaurants, hotels and similar accommodation","96.10.1","6","ATECO"
"96.10.21","Lavaggio e pulitura di prodotti tessili e pellicce forniti da lavanderie e tintorie tradizionali","Non self-service washing and cleaning of textile and fur products for the general public","96.10.2","6","ATECO"
"96.10.22","Lavaggio e pulitura di prodotti tessili e pellicce forniti da lavanderie self-service","Self-service washing and cleaning of textile and fur products for the general public","96.10.2","6","ATECO"
"96.21.00","Servizi di parrucchieri e barbieri","Hairdressing and barber activities","96.21.0","6","ATECO"
"96.22.01","Servizi di manicure e pedicure","Manicure and pedicure activities","96.22.0","6","ATECO"
"96.22.09","Altri servizi di cura della bellezza e altri trattamenti di bellezza n.c.a.","Other beauty care and other beauty treatment activities n.e.c.","96.22.0","6","ATECO"
"96.23.10","Servizi di centri termali","Thermal baths activities","96.23.1","6","ATECO"
"96.23.91","Terapia del sale","Salt room therapies","96.23.9","6","ATECO"
"96.23.99","Altri servizi di centri benessere, sauna e bagno di vapore n.c.a.","Other day spa, sauna and steam bath activities n.e.c.","96.23.9","6","ATECO"
"96.30.01","Servizi di pompe funebri","Morticians' services","96.30.0","6","ATECO"
"96.30.02","Servizi di sepoltura","Burial services","96.30.0","6","ATECO"
"96.30.09","Servizi funerari e attività connesse n.c.a.","Funeral and related activities n.e.c.","96.30.0","6","ATECO"
"96.40.00","Attività di servizi di intermediazione per servizi alla persona","Intermediation service activities for personal services","96.40.0","6","ATECO"
"96.91.00","Fornitura di servizi domestici","Provision of domestic personal service activities","96.91.0","6","ATECO"
"96.99.11","Servizi di presa in pensione e custodia per animali da compagnia","Pet boarding and pet sitters' services","96.99.1","6","ATECO"
"96.99.12","Servizi di toelettatura per animali da compagnia","Pet grooming","96.99.1","6","ATECO"
"96.99.13","Servizi di addestramento per animali da compagnia","Training of pets","96.99.1","6","ATECO"
"96.99.14","Gestione di rifugi per animali","Operation of shelters for animals","96.99.1","6","ATECO"
"96.99.19","Servizi di cura per animali da compagnia n.c.a.","Pet care services n.e.c.","96.99.1","6","ATECO"
"96.99.91","Attività di studi di tatuaggi e piercing","Activities of tattooing and piercing studios","96.99.9","6","ATECO"
"96.99.92","Servizi di incontro ed eventi simili","Dating and similar services","96.99.9","6","ATECO"
"96.99.93","Servizi di organizzazione di feste e cerimonie","Organisation of weddings and other personal ceremonies or celebrations","96.99.9","6","ATECO"
"96.99.94","Servizi di consulenza di immagine","Image consulting services","96.99.9","6","ATECO"
"96.99.99","Tutte le altre attività varie di servizi alla persona n.c.a.","All other various personal service activities n.e.c.","96.99.9","6","ATECO"
"97.00.10","Attività di condomini come datori di lavoro per personale domestico","Activities of condominiums as employers of domestic personnel","97.00.1","6","ATECO"
"97.00.90","Attività di famiglie e convivenze come datori di lavoro per personale domestico n.c.a.","Activities of households as employers of domestic personnel n.e.c.","97.00.9","6","ATECO"
"98.10.00","Produzione di beni indifferenziati per uso proprio da parte di famiglie e convivenze","Undifferentiated goods-producing activities of private households for own use","98.10.0","6","ATECO"
"98.20.00","Produzione di servizi indifferenziati per uso proprio da parte di famiglie e convivenze","Undifferentiated service-producing activities of private households for own use","98.20.0","6","ATECO"
"99.00.00","Attività di organizzazioni e organismi extraterritoriali","Activities of extraterritorial organisations and bodies","99.00.0","6","ATECO"
